sample_label,device_type,horizon_minutes,target_final_passed_bases,device_is_promethion,minimum_q_score_setting,planned_run_limit_hours,series_resolution_seconds,observed_through_seconds,observed_estimated_bases,observed_passed_bases,observed_failed_bases,observed_total_reads,observed_passed_reads,observed_failed_reads,observed_passed_base_fraction,observed_passed_read_fraction,observed_mean_passed_read_length,observed_mean_failed_read_length,observed_mean_estimated_read_length,observed_basecalling_completion_ratio,observed_average_estimated_bases_per_hour,observed_average_passed_bases_per_hour,observed_recent_estimated_bases_per_hour,observed_recent_passed_bases_per_hour,observed_qscore_lower,observed_qscore_mode,observed_qscore_upper,observed_translocation_q25,observed_translocation_median,observed_translocation_q75,observed_temperature,observed_target_temperature,pore_activity_sequencing_percent,pore_activity_pore_available_percent,pore_activity_unavailable_percent,pore_activity_inactive_percent,pore_activity_unclassified_percent,pore_scan_pore_available_count,pore_scan_reserved_pore_count,pore_scan_unavailable_count,pore_scan_saturated_count,pore_scan_zero_count,pore_scan_inactive_count
Sample1,MINION_MK1D,30,0,0,,24.0,1800.0,1800.0,9511546.0,,,3178.0,,,,,,,2992.934550031466,,19023092.0,,,,,,,,,,34.92694943745931,0.0,43.999379079861114,24.592639930555556,9.49191521267361,14.4797427734375,7.436323003472222,1538.0,3.0,157.0,2.0,239.0,109.0
Sample1,MINION_MK1D,60,0,0,,24.0,1800.0,3600.0,27749613.0,,,7635.0,,,,,,,3634.526915520629,,27749613.0,,36476134.0,,,,,,,,34.92709808349609,0.0,49.94320772569445,28.2034404296875,9.599129665798612,7.9794375,4.274784678819445,1538.0,3.0,157.0,2.0,239.0,109.0
Sample1,MINION_MK1D,120,0,0,,24.0,1800.0,7200.0,78997863.0,,,17025.0,,,,,,,4640.109427312776,,39498931.5,,55223194.0,,,,,,,,34.92607803344727,0.0,40.28365475260417,28.151685872395834,8.524622374131944,13.874332595486111,9.165704405381945,1475.0,25.0,157.0,2.0,282.0,107.0
Sample2,MINION_MK1D,30,201939766,0,9,24.0,1800.0,1800.0,11978013.0,4614873.0,1332842.0,9899.0,4041.0,5777.0,0.7759068818865732,0.40822305283361954,1142.012620638456,230.71525012982517,1210.0225275280332,0.49655272539777673,23956026.0,9229746.0,,,3.20716834,5.875,13.1154957,221.764893,274.639313,318.565094,35.12148844401042,0.0,17.88723693576389,6.865836219618056,9.26222009548611,60.01660857204861,5.968098177083333,434.0,149.0,486.0,10.0,797.0,172.0
Sample2,MINION_MK1D,60,201939766,0,9,24.0,1800.0,3600.0,30255090.0,11382503.0,2914520.0,20949.0,9389.0,11449.0,0.7961449736773872,0.44818368418540266,1212.3232506124189,254.56546423268406,1444.2259773736216,0.4725493462422356,30255090.0,11382503.0,36554154.0,13535260.0,3.19984388,5.86986113,14.8596964,224.310501,281.377838,330.082214,35.9308666229248,0.0,14.172195421006945,4.525623871527778,8.725217556423612,69.83983782552083,2.7371253255208337,434.0,149.0,486.0,10.0,797.0,172.0
Sample2,MINION_MK1D,120,201939766,0,9,24.0,1800.0,7200.0,69999411.0,26708052.0,8620274.0,42049.0,20721.0,21252.0,0.755995401536999,0.4927822302551785,1288.9364412914435,405.62177677395067,1664.7104806297416,0.5046946180732863,34999705.5,13354026.0,44605104.0,18132942.0,3.24492621,9.87103653,15.7733774,225.424545,280.863373,325.427246,35.930854161580406,0.0,10.957349869791667,2.729077582465278,11.009655902777778,69.84468904079861,5.459227604166667,330.0,77.0,616.0,13.0,817.0,195.0
Sample3,MINION_MK1D,30,472366132,0,9,24.0,1800.0,1800.0,20970327.0,9646924.0,1511475.0,17056.0,10618.0,6229.0,0.8645437396529735,0.6225375234521576,908.544358636278,242.65130839621128,1229.49853424015,0.532104196563077,41940654.0,19293848.0,,,2.89465594,11.3687153,18.0816059,273.196625,337.543091,374.366577,35.455270512898764,0.0,31.925030967881945,15.834278797743057,16.13054296875,26.956552690972224,9.153594574652779,1262.0,6.0,180.0,21.0,332.0,247.0
Sample3,MINION_MK1D,60,472366132,0,9,24.0,1800.0,3600.0,61941154.0,26783678.0,3649873.0,44915.0,30654.0,13960.0,0.8800707482344075,0.6824891461649782,873.7416976577282,261.4522206303725,1379.0750083491039,0.49133006143217806,61941154.0,26783678.0,81941654.0,34273508.0,6.03609896,13.391057,18.6333027,276.96698,341.787079,380.24939,35.93119138081868,0.0,29.011681575520836,18.982734570312502,17.234339908854167,28.852332161458335,5.918911783854167,1262.0,6.0,180.0,21.0,332.0,247.0
Sample3,MINION_MK1D,120,472366132,0,9,24.0,1800.0,7200.0,153563058.0,70236676.0,10867293.0,100069.0,70635.0,29160.0,0.8660078768771476,0.7058629545613526,994.3608126283004,372.6780864197531,1534.5717255093984,0.5281476551476332,76781529.0,35118338.0,94947902.0,47254698.0,4.19904566,13.1010647,18.1896019,253.362686,317.845154,368.638153,35.9311466217041,0.0,30.158284483506947,7.924701280381945,19.707867122395836,31.17839613715278,11.030750976562501,897.0,9.0,392.0,25.0,487.0,238.0
Sample4,MINION_MK1D,30,761708920,0,8,72.0,1800.0,1800.0,15588214.0,12936651.0,1109526.0,13899.0,10887.0,2986.0,0.9210086844270865,0.7832937621411612,1188.2659134747864,371.57602143335566,1121.5349305705447,0.9010767365652024,31176428.0,25873302.0,,,7.76255608,9.97134781,13.068778,365.171478,394.783447,418.393341,35.05984535217285,0.0,13.818521636284723,6.331317513020833,6.673467230902778,67.6614365451389,5.515257074652778,260.0,85.0,536.0,46.0,827.0,294.0
Sample4,MINION_MK1D,60,761708920,0,8,72.0,1800.0,3600.0,41250499.0,33019109.0,2693339.0,29344.0,23509.0,5771.0,0.9245826273236716,0.8011518538713195,1404.5305627631972,466.70230462658117,1405.7558274263904,0.8657458422502962,41250499.0,33019109.0,51324570.0,40164916.0,8.125,10.625,13.2097921,367.40918,399.03894,422.775055,35.292948659261064,0.0,14.723829101562501,5.183488932291667,5.2242634765625,72.91057256944445,1.957845920138889,260.0,85.0,536.0,46.0,827.0,294.0
Sample4,MINION_MK1D,120,761708920,0,8,72.0,1800.0,7200.0,101019833.0,74718989.0,7237032.0,58678.0,47294.0,11259.0,0.9116961522570746,0.8059920242680392,1579.8830507041062,642.7775113242739,1721.596390470023,0.8112864431284499,50509916.5,37359494.5,66649066.0,44069264.0,7.92518139,10.8355198,13.375,365.315704,397.397766,420.771545,35.313211313883464,0.0,13.935999674479167,5.041248632812501,5.237543033854167,70.97802417534723,4.807184483506945,241.0,85.0,581.0,48.0,791.0,302.0
Sample5,MINION_MK1D,30,860543380,0,10,24.0,600.0,1800.0,118197204.0,113813674.0,3965853.0,45904.0,39109.0,6032.0,0.966328163297854,0.8519736842105263,2910.165793039965,657.4689986737401,2574.878093412339,0.9964662700481477,236394408.0,227627348.0,320876064.0,308928972.0,15.375,19.375,22.125,380.324249,399.941132,415.739746,35.31122512817383,0.0,66.91640566406251,9.197777213541666,8.933157096354167,11.069125325520833,3.8835347005208334,1180.0,3.0,204.0,58.0,312.0,291.0
Sample5,MINION_MK1D,60,860543380,0,10,24.0,600.0,3600.0,289364970.0,281868475.0,9639963.0,100998.0,88882.0,11577.0,0.9669307582787706,0.8800372284599695,3171.266116874058,832.6823011142783,2865.056436761124,1.007407489579682,289364970.0,281868475.0,349567920.0,342367104.0,15.625,19.375,22.375,381.910492,401.671356,417.57843,35.31199493408203,0.0,64.4429673828125,8.018738606770833,10.008076692708334,13.464774479166667,4.065442838541667,1180.0,3.0,204.0,58.0,312.0,291.0
Sample5,MINION_MK1D,120,860543380,0,10,24.0,600.0,7200.0,646544827.0,616313137.0,24738177.0,210593.0,184633.0,20556.0,0.96140998940375,0.8767290460746558,3338.044320354433,1203.4528604786924,3070.115469175139,0.9915032759205727,323272413.5,308156568.5,387988290.0,380608902.0,16.125,19.625,22.375,384.798,404.709747,420.851,35.31164817810058,0.0,68.29615872395834,6.754596484375,7.16652109375,14.865842447916668,2.9168812500000003,1035.0,16.0,263.0,58.0,370.0,306.0
Sample7,MINION_MK1D,30,3663900845,0,10,,1800.0,1800.0,62873290.0,61722043.0,1510227.0,22509.0,20451.0,1308.0,0.976116198263956,0.9085699053711849,3018.0452300620996,1154.6077981651376,2793.25114398685,1.0057095787416246,125746580.0,123444086.0,,,16.6734638,19.0821724,21.375,379.438904,396.78949,410.849854,35.061405181884766,0.0,21.443921484375,48.67499049479167,4.151684895833333,21.244638671875002,4.484764453125,1174.0,0.0,262.0,2.0,375.0,235.0
Sample7,MINION_MK1D,60,3663900845,0,10,,1800.0,3600.0,169976584.0,164995645.0,3930331.0,59730.0,54207.0,2807.0,0.9767334125096309,0.9075339025615269,3043.806980648256,1400.189169932312,2845.7489368826386,0.9938191015769561,169976584.0,164995645.0,214206588.0,206547204.0,16.5364456,18.9531498,21.2864456,381.33252,397.992737,412.588531,35.18793462117513,0.0,33.52069943576389,43.27261497395833,3.689457443576389,18.235851041666667,1.2813771050347222,1174.0,0.0,262.0,2.0,375.0,235.0
Sample7,MINION_MK1D,120,3663900845,0,10,,1800.0,7200.0,389404447.0,387358483.0,10503806.0,134714.0,126048.0,6302.0,0.9735993928291102,0.9356711254954941,3073.102968710333,1666.7416693113298,2890.601177308966,1.0217199419913148,194702223.5,193679241.5,198315600.0,200753074.0,16.375,19.0268974,21.3112621,381.388275,399.341919,414.772766,35.188459142049155,0.0,30.416483550347223,28.762338606770836,3.0251860894097224,33.49816759982639,4.297824153645833,809.0,306.0,304.0,2.0,388.0,239.0
Sample8,MINION_MK1D,30,2575980970,0,10,,1800.0,1800.0,180830310.0,64376912.0,2602095.0,698141.0,250493.0,10480.0,0.9611505885717296,0.35880001317785376,257.00084233890766,248.2915076335878,259.0168891384405,0.3703970147482466,361660620.0,128753824.0,,,12.0451851,14.625001,19.4131832,369.051025,392.694244,413.55127,35.19517542521159,0.0,57.865578233506945,20.77707595486111,4.721368033854167,11.494434157986111,5.141543619791667,1448.0,6.0,207.0,8.0,253.0,126.0
Sample8,MINION_MK1D,60,2575980970,0,10,,1800.0,3600.0,428593075.0,138700000.0,5604485.0,1632187.0,532065.0,22621.0,0.9611620872351958,0.32598286838456625,260.6824354167254,247.75584633747403,262.5882175265457,0.33669345917453286,428593075.0,138700000.0,495525530.0,148646176.0,11.875,14.3778601,18.875,372.621033,398.611969,418.11731,35.74042167663574,0.0,77.53741629774306,11.632876822916668,3.546904991319445,5.633767643229167,1.6490342447916668,1448.0,6.0,207.0,8.0,253.0,126.0
Sample8,MINION_MK1D,120,2575980970,0,10,,1800.0,7200.0,913039891.0,293826883.0,12160990.0,3380484.0,1092899.0,48881.0,0.9602566275559554,0.3232966048648655,268.85090296541586,248.78766801006526,270.09146944638695,0.3351308918878332,456519945.5,146913441.5,456969762.0,158140714.0,11.875,14.375,19.0241947,372.46936,397.252808,416.395569,35.802055231730144,0.0,70.94494168836806,8.802709592013889,3.8420763671875,11.91380490451389,4.496467447916667,1396.0,46.0,207.0,6.0,276.0,117.0
Sample11,MINION_MK1D,30,10744180,0,10,,1800.0,1800.0,6773395.0,6157481.0,301405.0,10652.0,9958.0,681.0,0.9533348320437921,0.934847915884341,618.3451496284395,442.59177679882526,635.8801164100638,0.9535670073869899,13546790.0,12314962.0,,,11.8359842,15.5195074,20.263216,352.533813,377.030426,396.767029,35.11677500406901,0.0,2.524501150173611,7.453610481770833,1.7146756510416667,84.66238626302084,3.6448264539930557,461.0,1.0,498.0,130.0,177.0,781.0
Sample11,MINION_MK1D,60,10744180,0,10,,1800.0,3600.0,8681794.0,7002021.0,396001.0,12074.0,11170.0,914.0,0.9464720434732419,0.9251283750207057,626.8595344673232,433.26148796498904,719.0486996852742,0.8521305619552825,8681794.0,7002021.0,3816798.0,1689080.0,9.65087414,14.4399538,18.6101894,365.915283,386.337067,403.178314,35.93123296101888,0.0,0.48392183159722224,0.7533236979166668,0.07115533854166667,98.64356553819445,0.04803359375,461.0,1.0,498.0,130.0,177.0,781.0
Sample11,MINION_MK1D,120,10744180,0,10,,1800.0,7200.0,9354455.0,7513267.0,504263.0,15414.0,13843.0,1578.0,0.937104943791916,0.8980796678344363,542.7484649281225,319.55830164765524,606.880433372259,0.8570814654621782,4677227.5,3756633.5,1245952.0,1010042.0,9.98477268,13.6065884,17.9610786,369.218658,385.849579,404.686859,35.93083165486654,0.0,0.31133274739583333,0.8499208984375001,0.6853940104166667,95.3970125,2.75633984375,231.0,1.0,511.0,132.0,121.0,1052.0
Sample12,MINION_MK1D,30,7858107199,0,9,,1800.0,1800.0,177371828.0,130384974.0,3811075.0,214168.0,151209.0,4776.0,0.9716006914629804,0.706029845728587,862.2831577485467,797.9637772194305,828.1901497889507,0.756580402384983,354743656.0,260769948.0,,,13.0328665,19.021246,22.6746407,373.218292,394.305542,413.800415,35.058680597941084,0.0,56.36688361545139,19.119507486979167,5.7789558810763895,13.5318552734375,5.202797743055556,1414.0,1.0,151.0,5.0,362.0,115.0
Sample12,MINION_MK1D,60,7858107199,0,9,,1800.0,3600.0,423932603.0,286704435.0,7948039.0,488892.0,319567.0,9612.0,0.9730257177477492,0.6536556131006439,897.1653362205734,826.8871202663338,867.1293516768529,0.6950455612870143,423932603.0,286704435.0,493121550.0,312638922.0,14.0414057,19.0421848,22.4585934,376.853699,397.736786,416.534698,35.35512212117513,0.0,75.01350536024306,11.96371115451389,3.3065543402777777,8.415792361111112,1.3004367838541668,1414.0,1.0,151.0,5.0,362.0,115.0
Sample12,MINION_MK1D,120,7858107199,0,9,,1800.0,7200.0,894977023.0,613533676.0,16794911.0,977235.0,646521.0,19000.0,0.9733553080942527,0.6615819122319606,948.977180942305,883.9426842105263,915.8257972749645,0.7042958319612637,447488511.5,306766838.0,439578436.0,322814160.0,14.8184719,19.3173542,22.625,379.276093,399.478302,417.66571,35.43777503967285,0.0,67.47190575086806,8.485124696180556,3.0161398220486113,15.689301432291668,5.337528298611112,1297.0,3.0,179.0,9.0,450.0,110.0
Sample14,MINION_MK1D,30,3972510088,0,10,,1800.0,1800.0,166038143.0,149153876.0,7835867.0,76031.0,63414.0,10326.0,0.9500867582157899,0.8340545303889203,2352.065411423345,758.8482471431338,2183.821638542174,0.9455040881781002,332076286.0,298307752.0,,,11.4564095,15.2546873,21.5154476,380.755188,403.629974,422.46933,34.67403628031413,0.0,61.05064592013889,7.3101232421875,5.40934921875,21.39909537760417,4.830786241319445,1035.0,1.0,201.0,112.0,247.0,452.0
Sample14,MINION_MK1D,60,3972510088,0,10,,1800.0,3600.0,362452619.0,306059955.0,15750606.0,145731.0,117374.0,19610.0,0.9510562799708739,0.8054154572465707,2607.5617683643736,803.1925548189699,2487.1346453397014,0.8878693217554043,362452619.0,306059955.0,392828952.0,313812158.0,11.545229,15.5363684,22.3599033,374.039673,395.965515,415.855255,34.43746096293132,0.0,66.814779296875,5.874870876736112,5.594013802083333,19.945907139756944,1.7704288845486111,1035.0,1.0,201.0,112.0,247.0,452.0
Sample14,MINION_MK1D,120,3972510088,0,10,,1800.0,7200.0,736282151.0,633071225.0,34366718.0,261464.0,211343.0,36082.0,0.9485094931140288,0.8083063060306581,2995.4681489332506,952.4615597805,2815.9981909555427,0.9064975187752446,368141075.5,316535612.5,364784484.0,296528418.0,11.625,15.9069824,22.7758465,372.757202,394.516724,415.418213,34.43728675842285,0.0,57.83833973524306,4.522385199652778,4.594219813368055,27.539012282986114,5.50604296875,860.0,4.0,299.0,124.0,252.0,509.0
Sample15,MINION_MK1D,30,7439173608,0,10,,1800.0,1800.0,132899708.0,126056310.0,7222554.0,62091.0,54933.0,6324.0,0.9458087067728909,0.8847175919215345,2294.7283053902024,1142.0863377609107,2140.4021194698103,1.0028529483300295,265799416.0,252112620.0,,,13.6568184,17.936903,21.3290062,371.539215,394.994568,420.794312,35.23607114156087,0.0,58.98472686631945,9.853061870659722,6.403976171875001,18.767903428819444,5.99033166232639,1281.0,3.0,186.0,16.0,287.0,275.0
Sample15,MINION_MK1D,60,7439173608,0,10,,1800.0,3600.0,348637500.0,317475174.0,18773495.0,150103.0,129802.0,12614.0,0.9441678236055709,0.864752869696142,2445.8419284756783,1488.3062470271127,2322.6551101576915,0.9644650073500413,348637500.0,317475174.0,431475584.0,382837728.0,14.2935286,18.5415058,21.5435276,380.788635,403.174225,428.774445,35.438184356689455,0.0,74.36899665798612,6.331465928819445,5.183507052951389,12.00382677951389,2.1122035807291666,1281.0,3.0,186.0,16.0,287.0,275.0
Sample15,MINION_MK1D,120,7439173608,0,10,,1800.0,7200.0,791662199.0,579221532.0,35550632.0,328410.0,231783.0,20680.0,0.9421726713052675,0.7057732712158582,2498.9819443186084,1719.0827852998066,2410.5910264608265,0.7765586948278681,395831099.5,289610766.0,430868356.0,167507786.0,14.166975,18.0279274,21.125,389.704254,412.270874,438.386414,35.438028717041014,0.0,67.85449926215279,4.642837565104167,4.518994140625,16.479549370659722,6.504119661458334,1222.0,10.0,227.0,28.0,299.0,262.0
Sample16,MINION_MK1D,30,3779769131,0,10,,1800.0,1800.0,50049872.0,46170461.0,2415835.0,25689.0,22042.0,3338.0,0.9502774403712521,0.8580326209661723,2094.6584248253334,723.7372678250449,1948.2997391879792,0.9707576474920855,100099744.0,92340922.0,,,10.9258327,15.9848394,21.125,370.978516,392.272095,413.618256,35.2580763498942,0.0,28.40880412326389,9.785515494791667,7.136510004340278,48.91199407552084,5.757176302083334,618.0,182.0,404.0,36.0,506.0,302.0
Sample16,MINION_MK1D,60,3779769131,0,10,,1800.0,3600.0,128139404.0,115186811.0,5773883.0,61205.0,53125.0,7662.0,0.9522664527701866,0.8679846417776326,2168.2223247058823,753.5738710519447,2093.610064537211,0.94397734205163,128139404.0,115186811.0,156179064.0,138032700.0,11.4607916,16.2992401,21.2936821,375.387268,396.478,418.067657,35.56157925923665,0.0,34.457810199652776,8.15268674045139,5.328087391493056,49.681251128472226,2.3801645399305555,618.0,182.0,404.0,36.0,506.0,302.0
Sample16,MINION_MK1D,120,3779769131,0,10,,1800.0,7200.0,300768288.0,270899067.0,12823864.0,134953.0,118795.0,15608.0,0.9548014538169282,0.8802694271338911,2280.3911528262975,821.6212198872373,2228.6891584477557,0.943327279902594,150384144.0,135449533.5,172217742.0,156542306.0,12.0731726,17.6137791,21.5731735,375.745026,396.806366,417.61203,35.56138623555501,0.0,32.883878385416665,7.549936501736111,5.167286805555555,48.55563600260417,5.8432623046875,584.0,142.0,419.0,39.0,525.0,339.0
Sample17,MINION_MK1D,30,2396148990,0,10,,1800.0,1800.0,36677880.0,29684116.0,2586593.0,42350.0,33271.0,8729.0,0.9198470352789584,0.7856198347107438,892.191878813381,296.32180089357314,866.0656434474616,0.8798411740264159,73355760.0,59368232.0,,,9.54457092,14.490015,19.6641445,371.139771,394.713776,415.818665,35.174503580729166,0.0,42.133227799479165,21.161300759548613,11.56249142795139,16.4292982421875,8.713681770833334,1451.0,1.0,167.0,2.0,248.0,179.0
Sample17,MINION_MK1D,60,2396148990,0,10,,1800.0,3600.0,101523891.0,79524776.0,5820659.0,92878.0,75967.0,16506.0,0.9317988243893771,0.8179224358836323,1046.8331775639422,352.63897976493394,1093.0886862335537,0.8406438539673385,101523891.0,79524776.0,129692022.0,99681320.0,10.9613543,15.3776388,20.4594612,373.52655,398.864136,418.792511,35.561706924438475,0.0,48.8190677734375,23.808266688368057,10.884197439236111,11.437277191840279,5.051190907118055,1451.0,1.0,167.0,2.0,248.0,179.0
Sample17,MINION_MK1D,120,2396148990,0,10,,1800.0,7200.0,268225497.0,195107765.0,19811675.0,192032.0,161527.0,30039.0,0.9078181340878237,0.8411462672887852,1207.8956768837409,659.5317753587003,1396.7750010414932,0.801264020027149,134112748.5,97553882.5,177204514.0,116114684.0,11.5726986,16.7296028,20.7703972,373.909729,397.469788,416.289795,35.56175168355306,0.0,42.473219683159726,21.043381814236113,9.454320095486112,17.450821788194446,9.57825661892361,1348.0,37.0,199.0,2.0,250.0,212.0
Sample26,MINION_MK1D,30,1515304198,0,10,72.0,1800.0,1800.0,57287302.0,48424360.0,3936920.0,59019.0,50039.0,8419.0,0.924812380446009,0.8478456090411562,967.7323687523732,467.6232331630835,970.6586353547162,0.9140119742416914,114574604.0,96848720.0,,,10.8178034,15.7606058,19.5106068,368.348114,398.829681,420.466492,34.88640836079915,0.0,34.07556879340278,19.093869227430556,11.715117534722223,26.13246469184028,8.982979752604168,1043.0,5.0,229.0,49.0,572.0,150.0
Sample26,MINION_MK1D,60,1515304198,0,10,72.0,1800.0,3600.0,139695475.0,112467867.0,9874502.0,123869.0,106314.0,17088.0,0.9192879614747366,0.8582776965988261,1057.8838817089002,577.8617743445693,1127.767843447513,0.8757790400870179,139695475.0,112467867.0,164816346.0,128087014.0,11.2055521,15.7891769,19.7891769,365.190399,397.554871,420.212769,34.927249654134116,0.0,38.925346223958336,20.313412022569445,12.31522970920139,22.74435748697917,5.701654557291667,1043.0,5.0,229.0,49.0,572.0,150.0
Sample26,MINION_MK1D,120,1515304198,0,10,72.0,1800.0,7200.0,306841166.0,236567769.0,22669578.0,236727.0,203552.0,32555.0,0.9125528082186399,0.8598596695771923,1162.198204881308,696.3470434649056,1296.1815340033033,0.844858434021203,153420583.0,118283884.5,170405994.0,119642924.0,11.3256788,16.5299664,20.0756779,357.961456,394.151,418.112152,34.925985209147136,0.0,33.403546289062504,16.305759157986113,10.278103081597223,31.024934375,8.987657096354168,858.0,19.0,289.0,54.0,665.0,163.0
Sample28,MINION_MK1D,30,644897314,0,10,72.0,1800.0,1800.0,15627732.0,10189266.0,1309336.0,28679.0,22732.0,5649.0,0.8861308531245798,0.792635726489766,448.23447122998414,231.7819083023544,544.9189999651313,0.7357818780101937,31255464.0,20378532.0,,,10.2790575,14.2294493,18.7327232,363.542389,394.659302,418.465393,35.19072519938151,0.0,30.854494422743056,30.069840386284724,12.151046180555555,17.48276427951389,9.441854730902778,1330.0,4.0,144.0,33.0,322.0,215.0
Sample28,MINION_MK1D,60,644897314,0,10,72.0,1800.0,3600.0,43104030.0,26957449.0,2990475.0,70738.0,57557.0,12807.0,0.90014416358209,0.8136645084678673,468.360911791789,233.50316233309908,609.3475925245272,0.6947824600159196,43104030.0,26957449.0,54952596.0,33536366.0,10.6299047,14.4647141,18.8749046,370.6492,398.884705,421.695099,35.43789367675781,0.0,38.75139001736111,28.88371877170139,12.801541883680557,12.950717339409723,6.612631987847222,1330.0,4.0,144.0,33.0,322.0,215.0
Sample28,MINION_MK1D,120,644897314,0,10,72.0,1800.0,7200.0,118448942.0,63199693.0,6463312.0,158293.0,130939.0,26801.0,0.9072203101201276,0.827193874650174,482.6651570578666,241.15935972538338,748.2891978798809,0.5881268656667276,59224471.0,31599846.5,81027408.0,34912968.0,10.625,14.5256796,19.0730648,368.959106,399.160278,423.010864,35.439239501953125,0.0,33.77285672743056,23.635190212673614,11.275985546875,20.192724522569446,11.12324299045139,1223.0,18.0,196.0,37.0,364.0,210.0
Sample30,MINION_MK1D,30,5312543,0,10,72.0,1800.0,1800.0,2390652.0,78140.0,182167.0,1647.0,414.0,1207.0,0.30018401349176166,0.25136612021857924,188.743961352657,150.92543496271747,1451.51912568306,0.1088853584712455,4781304.0,156280.0,,,2.625,5.55274487,10.0996294,361.549683,386.824951,445.965424,34.92599372863769,0.0,11.862873763020835,24.622489388020835,5.812578689236111,52.40595729166667,5.2961008680555555,508.0,145.0,341.0,86.0,746.0,222.0
Sample30,MINION_MK1D,60,5312543,0,10,72.0,1800.0,3600.0,9384380.0,193579.0,416308.0,3950.0,1014.0,2883.0,0.3174014202630979,0.2567088607594937,190.90631163708088,144.40097121054458,2375.792405063291,0.06498958908313603,9384380.0,193579.0,13987456.0,230878.0,2.78058457,6.95550871,10.4012928,328.775635,370.677307,397.358673,34.92767537434896,0.0,15.585014691840279,22.167883854166668,4.991681879340278,55.03876829427084,2.2166512803819445,508.0,145.0,341.0,86.0,746.0,222.0
Sample30,MINION_MK1D,120,5312543,0,10,72.0,1800.0,7200.0,38046226.0,422686.0,1002897.0,9358.0,2352.0,6873.0,0.29650044928986946,0.25133575550331266,179.71343537414967,145.91837625491053,4065.6364607822184,0.03746976112689863,19023113.0,211343.0,40213606.0,251120.0,2.52061248,7.1375,10.3337746,325.72995,362.577881,394.007324,34.92754732767741,0.0,15.405185221354168,21.91707107204861,5.386212196180556,51.58764398871528,5.70388752170139,488.0,87.0,362.0,87.0,794.0,230.0
Sample32,MINION_MK1D,30,0,0,,72.0,1800.0,1800.0,53678794.0,,,63975.0,,,,,,,839.0589136381399,,107357588.0,,,,,,,,,,34.92755546569824,0.0,37.783657183159725,26.669433940972223,11.39464162326389,16.1889380859375,7.963329166666667,1303.0,4.0,294.0,17.0,166.0,264.0
Sample32,MINION_MK1D,60,0,0,,72.0,1800.0,3600.0,136668287.0,,,136072.0,,,,,,,1004.3821432770886,,136668287.0,,165978986.0,,,,,,,,34.926278305053714,0.0,45.69297224392361,27.342352083333335,10.656360199652779,11.743931163194445,4.564384309895834,1303.0,4.0,294.0,17.0,166.0,264.0
Sample32,MINION_MK1D,120,0,0,,72.0,1800.0,7200.0,321773757.0,,,267560.0,,,,,,,1202.622802362087,,160886878.5,,192357392.0,,,,,,,,34.9274035135905,0.0,40.048365842013894,24.649950499131947,9.566732747395834,16.762766688368057,8.972184223090279,1184.0,77.0,293.0,20.0,181.0,293.0
Sample35,MINION_MK1D,30,241502124,0,10,72.0,600.0,1800.0,17498505.0,11644675.0,1233706.0,23349.0,18384.0,4654.0,0.9042033311485349,0.78735706025954,633.4135661444734,265.0850880962613,749.4327380187589,0.7359703586106356,34997010.0,23289350.0,52328604.0,36502260.0,9.625,14.125,19.875,373.204926,397.75528,416.073669,35.67680282592774,0.0,35.2486478515625,13.997905989583334,9.731118815104168,35.713208203125,5.3091191406250005,1046.0,0.0,85.0,7.0,760.0,150.0
Sample35,MINION_MK1D,60,241502124,0,10,72.0,600.0,3600.0,60891871.0,40461319.0,3448168.0,65560.0,53378.0,11704.0,0.921471002382697,0.8141854789505796,758.0148937764623,294.6144907723855,928.7960799267846,0.7211058927717955,60891871.0,40461319.0,95184150.0,67314666.0,10.625,15.875,20.875,375.510376,398.826508,416.458038,35.676726531982425,0.0,36.666677539062505,11.965285872395834,9.623380403645834,36.5587033203125,5.185952864583333,1046.0,0.0,85.0,7.0,760.0,150.0
Sample35,MINION_MK1D,120,241502124,0,10,72.0,600.0,7200.0,174727368.0,120947399.0,9075789.0,163169.0,136412.0,25951.0,0.9301986888677118,0.8360166453186574,886.6331334486702,349.7279102924743,1070.8367888508233,0.7441489532424022,87363684.0,60473699.5,118479558.0,96397596.0,10.875,17.125,21.375,376.774384,399.946289,417.299255,35.675665283203124,0.0,38.8642341796875,9.991191731770833,9.589011197916667,36.906122265625,4.649440625,946.0,0.0,123.0,6.0,825.0,148.0
Sample37,MINION_MK1D,30,185750687,0,10,72.0,1800.0,1800.0,10005984.0,6008520.0,1337145.0,10663.0,6020.0,3795.0,0.8179681485610901,0.564569070618025,998.0930232558139,352.34387351778656,938.3835693519648,0.7341271982845465,20011968.0,12017040.0,,,5.53333426,12.4227333,16.430336,369.896576,403.040863,435.656982,34.877679189046226,0.0,14.238171440972224,15.03688634982639,6.037774934895833,59.76546371527778,4.921703559027778,472.0,130.0,452.0,56.0,190.0,748.0
Sample37,MINION_MK1D,60,185750687,0,10,72.0,1800.0,3600.0,24379509.0,16654154.0,3419953.0,25489.0,15800.0,9239.0,0.8296336170769639,0.6198752402997372,1054.0603797468355,370.1648446801602,956.4717721370002,0.8234007912136376,24379509.0,16654154.0,28747050.0,21291268.0,6.45685101,12.5388031,16.125,364.557861,398.324341,432.282501,34.68258260091146,0.0,13.872507009548611,15.93484787326389,5.233376367187501,62.99364841579862,1.965620334201389,472.0,130.0,452.0,56.0,190.0,748.0
Sample37,MINION_MK1D,120,185750687,0,10,72.0,1800.0,7200.0,61627862.0,36435261.0,12220893.0,54050.0,31599.0,22126.0,0.748831504438267,0.5846253469010175,1153.0510775657458,552.3317816143904,1140.2009620721553,0.7895155278954834,30813931.0,18217630.5,42149238.0,17078114.0,3.28825784,10.8539906,14.8539906,350.522461,392.805817,426.760742,34.68291893005371,0.0,13.315818250868055,14.892248155381946,5.389363715277778,62.43909845920139,3.9634714192708334,424.0,171.0,479.0,61.0,221.0,692.0
Sample38,MINION_MK1D,30,9646979,0,10,72.0,1800.0,1800.0,6562478.0,140770.0,371141.0,2021.0,432.0,1359.0,0.27498920710826685,0.21375556655121228,325.85648148148147,273.0986019131714,3247.1439881246906,0.07800574721926687,13124956.0,281540.0,,,3.62131262,6.48930693,9.5741148,319.733765,372.445709,392.534637,34.937921142578126,0.0,22.214220681423612,16.266042144097224,11.278458984375,44.04844077690972,6.192837413194445,877.0,19.0,158.0,23.0,783.0,188.0
Sample38,MINION_MK1D,60,9646979,0,10,72.0,1800.0,3600.0,14711559.0,318176.0,787838.0,4012.0,781.0,3009.0,0.2876780944906665,0.19466600199401796,407.3956466069142,261.82718511133265,3666.889082751745,0.07517993164422615,14711559.0,318176.0,16298162.0,354812.0,4.48271561,7.1352706,9.28043556,278.659698,376.753632,442.409882,34.93753331502278,0.0,19.15497758246528,9.805736306423611,7.4949021484375,61.148539192708334,2.395844769965278,877.0,19.0,158.0,23.0,783.0,188.0
Sample38,MINION_MK1D,120,9646979,0,10,72.0,1800.0,7200.0,43985909.0,514636.0,1397080.0,7973.0,1323.0,6120.0,0.2692010737996648,0.16593503072870938,388.9916855631141,228.281045751634,5516.858020820268,0.043462009617670966,21992954.5,257318.0,31366372.0,262100.0,5.08423185,6.875,8.77038383,326.128357,362.864288,403.971,34.93868713378906,0.0,23.182956401909724,12.920543880208333,8.13775407986111,49.8839935546875,5.874752083333334,725.0,39.0,212.0,23.0,865.0,184.0
Sample39,MINION_MK1D,30,198874512,0,10,72.0,1800.0,1800.0,4909926.0,1998270.0,600458.0,9905.0,5970.0,3481.0,0.7689415744933675,0.6027258960121151,334.7185929648241,172.49583453030738,495.7017667844523,0.5292804820276313,9819852.0,3996540.0,,,6.15404606,12.4945946,16.3152027,367.60611,393.067108,434.932037,34.92733306884766,0.0,21.90137660590278,34.00065466579861,8.372995269097222,29.557745855034725,6.167227604166667,1156.0,1.0,310.0,39.0,117.0,425.0
Sample39,MINION_MK1D,60,198874512,0,10,72.0,1800.0,3600.0,14673680.0,5294359.0,1446420.0,23322.0,14763.0,8092.0,0.785422426695787,0.633007460766658,358.6235182550972,178.74691052891745,629.177600548838,0.4593789015434438,14673680.0,5294359.0,19527508.0,6592178.0,6.62773752,12.2938957,16.4580784,363.201,396.147156,433.729218,34.988379287719724,0.0,23.52798055555556,36.38315190972222,7.923181944444445,29.164495659722224,3.001189930555556,1156.0,1.0,310.0,39.0,117.0,425.0
Sample39,MINION_MK1D,120,198874512,0,10,72.0,1800.0,7200.0,37033690.0,13241162.0,3172932.0,53522.0,35621.0,17291.0,0.8066946613075324,0.6655394043570868,371.7234777238146,183.50193742409346,691.933971077314,0.44322059184488505,18516845.0,6620581.0,26359906.0,8069044.0,7.28118706,12.5924072,16.7855377,364.63385,398.057343,436.348907,35.04368387858073,0.0,20.967812868923613,30.796287413194445,7.66612521701389,32.97144563802083,7.5983288628472225,1019.0,93.0,358.0,40.0,136.0,402.0
Sample43,MINION_MK1D,30,67332969,0,10,72.0,600.0,1800.0,69031050.0,12753174.0,29792687.0,16958.0,2973.0,13843.0,0.29975122609459004,0.1753154853166647,4289.664984863774,2152.1842808639744,4070.707040924637,0.6163293329595885,138062100.0,25506348.0,146638518.0,30259830.0,2.875,8.375,11.125,300.661041,356.980042,420.083466,35.936024856567386,0.0,30.273158789062503,4.544584440104167,25.803423372395834,34.0112365234375,5.367596875,804.0,0.0,628.0,53.0,465.0,98.0
Sample43,MINION_MK1D,60,67332969,0,10,72.0,600.0,3600.0,134640959.0,28031949.0,59620805.0,32591.0,6787.0,25673.0,0.31980682546494776,0.20824767573870087,4130.2414910859,2322.315467611888,4131.231290847167,0.6510110641740156,134640959.0,28031949.0,121848546.0,29705916.0,6.125,8.875,11.125,296.694977,353.502411,413.843445,35.93805923461914,0.0,24.581179817708335,5.085462955729167,22.071849934895834,43.76504869791667,4.49645859375,804.0,0.0,628.0,53.0,465.0,98.0
Sample43,MINION_MK1D,120,67332969,0,10,72.0,600.0,7200.0,241329566.0,59354710.0,104432870.0,58024.0,14943.0,42893.0,0.36238834470843273,0.2575313663311733,3972.0745499565014,2434.7299093092115,4159.133565421205,0.678688412343144,120664783.0,29677355.0,105169122.0,35444766.0,6.375,9.625,12.375,312.194305,370.888947,429.28537,35.93798141479492,0.0,20.5324857421875,5.851335026041667,18.219199869791666,51.40241432291667,3.9945650390625,452.0,5.0,806.0,54.0,629.0,102.0
Sample44,MINION_MK1D,30,2006109,0,10,72.0,1800.0,1800.0,1614703.0,168015.0,500564.0,1926.0,198.0,1637.0,0.25130164124209703,0.102803738317757,848.560606060606,305.78130726939526,838.371235721703,0.414056950411314,3229406.0,336030.0,,,2.96443415,4.05386829,6.84592438,365.861389,408.138092,432.528717,34.92746175130208,0.0,3.3514133897569445,18.084297222222222,4.976817447916667,68.97027855902778,4.617193381076389,244.0,0.0,1562.0,30.0,97.0,115.0
Sample44,MINION_MK1D,60,2006109,0,10,72.0,1800.0,3600.0,2948142.0,393375.0,905876.0,3756.0,500.0,3184.0,0.3027705962897085,0.13312034078807242,786.75,284.50879396984925,784.9153354632588,0.44070163513155064,2948142.0,393375.0,2666878.0,450720.0,3.21226668,4.63913298,8.30186653,369.519165,407.301025,442.624207,34.92611338297526,0.0,1.8218073567708335,20.360800954861112,3.4591658854166667,73.39462608506945,0.9635997178819445,244.0,0.0,1562.0,30.0,97.0,115.0
Sample44,MINION_MK1D,120,2006109,0,10,72.0,1800.0,7200.0,5139147.0,854905.0,1703376.0,7452.0,1175.0,6207.0,0.33417165667102244,0.15767579173376275,727.5787234042554,274.42822619623007,689.6332528180354,0.49780265090685283,2569573.5,427452.5,1834754.0,547536.0,2.969203,4.87111807,10.3630953,376.404785,413.801086,440.602814,34.87245508829753,0.0,2.2384856119791667,19.738485937500002,3.512634657118056,70.99198982204861,3.518403971354167,222.0,39.0,1442.0,38.0,124.0,183.0
Sample46,MINION_MK1D,30,36455726,0,10,,1800.0,1800.0,5357032.0,1594920.0,466761.0,6077.0,4128.0,1851.0,0.7736017356710374,0.6792825407273325,386.3662790697674,252.1669367909238,881.5257528385716,0.3848550839345369,10714064.0,3189840.0,,,5.79098368,14.15168,19.0365162,354.042389,377.822266,398.963135,34.938385772705075,0.0,24.60836095920139,30.490039561631946,10.3040623046875,27.690215538194447,6.907321636284722,1006.0,9.0,262.0,133.0,502.0,136.0
Sample46,MINION_MK1D,60,36455726,0,10,,1800.0,3600.0,13485188.0,3551890.0,787282.0,12206.0,8621.0,3518.0,0.8185640025332022,0.706291987547108,412.0044078413177,223.78681068789083,1104.799934458463,0.32177319292841894,13485188.0,3551890.0,16256312.0,3913940.0,7.5835309,14.9603081,19.6404037,361.880493,389.246,411.977417,35.34844385782878,0.0,20.941434657118055,32.58160490451389,9.001263563368056,33.76197204861111,3.713724826388889,1006.0,9.0,262.0,133.0,502.0,136.0
Sample46,MINION_MK1D,120,36455726,0,10,,1800.0,7200.0,35818160.0,7041661.0,1528345.0,23404.0,16810.0,6415.0,0.821663485416463,0.7182532900358913,418.89714455681144,238.24551831644584,1530.4289864980344,0.2392642726482879,17909080.0,3520830.5,32548950.0,3398700.0,7.92656565,14.5279045,19.4675903,367.313293,400.045258,420.509216,35.68684310913086,0.0,16.1156869140625,26.919399305555558,7.720172677951389,42.100353993055556,7.144387109375001,732.0,27.0,363.0,137.0,646.0,143.0
Sample48,MINION_MK1D,30,18039538,0,10,72.0,1800.0,1800.0,4379317.0,124586.0,338600.0,3167.0,858.0,1998.0,0.26897617803646917,0.27091885064730026,145.2051282051282,169.46946946946946,1382.7966529838964,0.10576672115765998,8758634.0,249172.0,,,2.625,7.50356,11.4299297,65.0130386,343.271118,391.500488,34.93863004048665,0.0,27.05214789496528,37.83914930555556,9.006583897569445,18.910468077256944,7.191650824652778,1239.0,3.0,155.0,250.0,139.0,262.0
Sample48,MINION_MK1D,60,18039538,0,10,72.0,1800.0,3600.0,14463741.0,320646.0,825021.0,6872.0,2032.0,4494.0,0.2798771370738618,0.2956926658905704,157.79822834645668,183.58277703604807,2104.735302677532,0.07920959038190742,14463741.0,320646.0,20168848.0,392120.0,3.28825712,7.63159466,10.794179,95.0736313,340.967316,390.540741,34.93803049723307,0.0,27.212742078993056,41.06337161458333,9.361976345486111,18.154872178819446,4.207037782118055,1239.0,3.0,155.0,250.0,139.0,262.0
Sample48,MINION_MK1D,120,18039538,0,10,72.0,1800.0,7200.0,44310251.0,718648.0,1547559.0,14224.0,4461.0,9028.0,0.31711489727107894,0.31362485939257595,161.0957184487783,171.41770048737263,3115.1751265466814,0.05114407950431154,22155125.5,359324.0,38075866.0,418604.0,4.97397089,7.58757687,11.875,169.444077,349.58493,405.112213,34.93846893310547,0.0,21.409114973958335,35.99063014322917,8.989829101562501,25.015122178819446,8.595303602430556,1039.0,32.0,208.0,259.0,215.0,295.0
Sample50,MINION_MK1D,30,348574457,0,10,72.0,1800.0,1800.0,17664066.0,15454173.0,1263111.0,14202.0,11426.0,2206.0,0.9244428102076868,0.8045345725954091,1352.5444600035007,572.5797824116047,1243.7731305449936,0.9464006758126923,35328132.0,30908346.0,,,10.129734,14.4243155,18.625,371.528839,402.806305,426.299225,34.732355372111,0.0,10.593688845486112,25.33759926215278,4.970131792534723,54.47690386284722,4.621676236979167,488.0,195.0,551.0,205.0,349.0,260.0
Sample50,MINION_MK1D,60,348574457,0,10,72.0,1800.0,3600.0,36504104.0,31297992.0,2667382.0,27596.0,22673.0,4432.0,0.9214676099253316,0.8216045803739672,1380.4080624531382,601.846119133574,1322.804174518046,0.9304535731105741,36504104.0,31297992.0,37680076.0,31687638.0,9.95961761,14.1638021,18.4526978,366.959381,398.229095,421.301819,34.554606119791664,0.0,9.862621202256944,25.882967296006946,4.304456835937501,58.15974641927084,1.7902082465277778,488.0,195.0,551.0,205.0,349.0,260.0
Sample50,MINION_MK1D,120,348574457,0,10,72.0,1800.0,7200.0,74497647.0,58806012.0,5308967.0,52100.0,42930.0,8660.0,0.917196151620045,0.8239923224568139,1369.8116002795248,613.044688221709,1429.897255278311,0.8606309270412259,37248823.5,29403006.0,42948786.0,27450324.0,10.154088,15.0255156,18.7468224,361.962463,397.312195,421.684967,34.556770706176756,0.0,9.324930815972223,27.55841410590278,5.4400654296875,53.275326171875,4.4012634765625,497.0,136.0,563.0,204.0,367.0,281.0
Sample51,MINION_MK1D,30,70574150,0,10,72.0,1800.0,1800.0,1416328.0,1067378.0,94155.0,1947.0,1598.0,231.0,0.9189390228258689,0.8207498715973293,667.9461827284105,407.5974025974026,727.4411915767848,0.8201016996063059,2832656.0,2134756.0,,,12.0853786,15.0719585,20.8228531,331.768707,367.320862,388.312622,34.938398106892905,0.0,2.151044748263889,9.851053732638889,2.592831488715278,82.72815941840278,2.676910611979167,130.0,69.0,392.0,860.0,244.0,353.0
Sample51,MINION_MK1D,60,70574150,0,10,72.0,1800.0,3600.0,3594901.0,2912350.0,180301.0,4720.0,4159.0,442.0,0.9417001789079984,0.8811440677966101,700.2524645347439,407.920814479638,761.6315677966102,0.86028822490522,3594901.0,2912350.0,4357146.0,3689944.0,12.4637508,16.6201248,20.450388,353.47937,381.222382,402.167114,35.48796844482422,0.0,2.484757074652778,8.125043250868057,1.6130673611111113,87.205675,0.5714573133680556,130.0,69.0,392.0,860.0,244.0,353.0
Sample51,MINION_MK1D,120,70574150,0,10,72.0,1800.0,7200.0,10569743.0,7226367.0,415897.0,11439.0,9802.0,946.0,0.9455793466438741,0.8568930850598828,737.2339318506428,439.6374207188161,924.0093539645073,0.7230321494098768,5284871.5,3613183.5,8791184.0,5186802.0,12.327548,16.4862785,20.5081863,365.103424,396.602905,419.492188,35.93685111999512,0.0,2.614911197916667,9.221645377604167,2.1914846571180555,83.69207599826389,2.2798827690972225,165.0,12.0,372.0,867.0,266.0,366.0
Sample52,MINION_MK1D,30,31245736,0,10,72.0,1800.0,1800.0,3157733.0,196113.0,292418.0,3396.0,987.0,2226.0,0.4014340952774747,0.29063604240282687,198.69604863221883,131.36477987421384,929.8389281507656,0.15470940703346356,6315466.0,392226.0,,,3.41118526,6.62631845,11.0367346,196.544907,380.841431,408.245453,34.92742767333984,0.0,21.68221022135417,45.10657866753473,7.235735243055556,19.029450542534722,6.946025325520834,1302.0,1.0,146.0,29.0,381.0,189.0
Sample52,MINION_MK1D,60,31245736,0,10,72.0,1800.0,3600.0,11658535.0,502935.0,638519.0,7345.0,2350.0,4712.0,0.4406090828014094,0.31994554118447927,214.01489361702127,135.50912563667234,1587.27501701838,0.09790715557314877,11658535.0,502935.0,17001604.0,613644.0,3.63439798,6.94656467,12.1313496,345.449219,386.393219,414.467865,34.92631034851074,0.0,16.51909626736111,52.44275470920139,7.4653942925347225,19.431071961805557,4.141682769097223,1302.0,1.0,146.0,29.0,381.0,189.0
Sample52,MINION_MK1D,120,31245736,0,10,72.0,1800.0,7200.0,31380390.0,1432076.0,1556054.0,16277.0,5951.0,9945.0,0.47925491862803826,0.3656079130060822,240.64459754663082,156.46596279537457,1927.8976469865454,0.09522284458542421,15690195.0,716038.0,29871316.0,1005544.0,3.34301472,7.03027678,14.7202272,348.644806,388.649109,410.396,34.92697359720866,0.0,17.390564822048614,44.19003253038195,7.506314344618056,21.484399761284724,9.428688541666666,1115.0,60.0,181.0,30.0,431.0,231.0
Sample53,MINION_MK1D,30,662910321,0,10,18.0,1800.0,1800.0,19565260.0,15701916.0,769769.0,28500.0,25340.0,2714.0,0.9532671369079727,0.8891228070175439,619.649408050513,283.6289609432572,686.500350877193,0.8418842887853266,39130520.0,31403832.0,,,11.625,15.6218338,20.125,369.259,395.127258,416.064178,35.067222849527994,0.0,26.694230164930556,40.99982013888889,7.873886284722222,17.297856250000002,7.134207161458334,1264.0,9.0,133.0,58.0,357.0,227.0
Sample53,MINION_MK1D,60,662910321,0,10,18.0,1800.0,3600.0,48300235.0,36864213.0,1619994.0,60690.0,54524.0,5578.0,0.9579049660552964,0.8984017136266271,676.1098415376715,290.42560057368235,795.851623002142,0.7967705954225689,48300235.0,36864213.0,57469950.0,42324594.0,11.7947979,15.6292009,20.5396061,369.185059,395.289703,417.0112,35.204114786783855,0.0,28.65004440104167,46.23298697916667,7.445377039930556,13.503634765625002,4.167956814236112,1264.0,9.0,133.0,58.0,357.0,227.0
Sample53,MINION_MK1D,120,662910321,0,10,18.0,1800.0,7200.0,126313817.0,77101072.0,3660132.0,118106.0,106390.0,11190.0,0.9546795760994351,0.9008009753949842,724.7022464517341,327.0895442359249,1069.4953431663082,0.6393695156880581,63156908.5,38550536.0,84822234.0,39134232.0,11.9107552,16.1259022,20.5892448,373.722412,399.841705,421.036804,35.34423561096192,0.0,21.313496809895835,41.1200388671875,6.3476907986111115,22.654478407118056,8.5642951171875,1017.0,185.0,162.0,62.0,368.0,254.0
Sample56,MINION_MK1D,30,664245399,0,10,72.0,600.0,1800.0,104461331.0,103308501.0,2626957.0,52766.0,48744.0,3255.0,0.975202287793007,0.9237766743736497,2119.4095888724764,807.052841781874,1979.7091119281356,1.0141117003381854,208922662.0,206617002.0,262419060.0,266315112.0,14.125,19.625,22.625,380.333527,399.717865,415.255524,35.686575698852536,0.0,55.56740279947917,24.32634654947917,6.138314518229167,10.876458984375,3.0914771484375003,1328.0,9.0,221.0,68.0,274.0,148.0
Sample56,MINION_MK1D,60,664245399,0,10,72.0,600.0,3600.0,252927843.0,249361556.0,5608828.0,112440.0,106038.0,5963.0,0.9780020412096175,0.9430629669156884,2351.6244742450817,940.6050645648164,2249.44719850587,1.0080755877873042,252927843.0,249361556.0,299292900.0,294900618.0,15.125,20.125,22.625,379.92041,399.6521,415.058105,35.684960174560544,0.0,56.20567825520833,24.049228710937502,5.831868229166667,11.091556119791667,2.8216686848958337,1328.0,9.0,221.0,68.0,274.0,148.0
Sample56,MINION_MK1D,120,664245399,0,10,72.0,600.0,7200.0,551474906.0,534902860.0,12311521.0,225322.0,213396.0,11018.0,0.977501466650965,0.9470713024027836,2506.6208363793135,1117.4007079324742,2447.4969421538954,0.9922743084886623,275737453.0,267451430.0,319325328.0,310266030.0,15.375,19.875,22.875,380.568756,400.983948,417.551544,35.685621643066405,0.0,57.500818880208335,22.6632685546875,5.4403003906250005,11.7665953125,2.6290168619791667,1266.0,27.0,223.0,75.0,303.0,154.0
Sample57,MINION_MK1D,30,12274112,0,10,72.0,1800.0,1800.0,1920531.0,75767.0,361498.0,2358.0,536.0,1654.0,0.17327478760019668,0.22731128074639526,141.35634328358208,218.55985489721886,814.4745547073792,0.22767921996572824,3841062.0,151534.0,,,2.54219413,5.74314356,10.4578056,170.649902,309.180756,429.557617,34.93913904825846,0.0,11.61184592013889,22.24777107204861,5.170679535590278,55.99292044270834,4.976783029513889,462.0,175.0,446.0,101.0,506.0,358.0
Sample57,MINION_MK1D,60,12274112,0,10,72.0,1800.0,3600.0,5178047.0,176703.0,785233.0,4661.0,1048.0,3443.0,0.1836951730676469,0.22484445397983266,168.60973282442748,228.06651176299738,1110.9304870199528,0.18577197155607122,5178047.0,176703.0,6515032.0,201872.0,2.70768476,5.7929635,10.1204605,139.840851,294.18335,400.67804,34.938168080647785,0.0,9.818406510416667,23.79803940972222,4.5334058376736115,59.87472213541667,1.9754261067708334,462.0,175.0,446.0,101.0,506.0,358.0
Sample57,MINION_MK1D,120,12274112,0,10,72.0,1800.0,7200.0,19062967.0,357445.0,1585269.0,9693.0,2241.0,6987.0,0.18399260004303258,0.23119777158774374,159.5024542614904,226.888364104766,1966.6735788713504,0.10191036893679772,9531483.5,178722.5,17492942.0,189092.0,2.875,5.66614485,11.4161444,183.444138,366.044037,417.495514,34.93849589029948,0.0,11.719411588541668,25.54364242621528,5.4705438151041665,51.50952719184028,5.756874978298612,481.0,86.0,491.0,109.0,532.0,349.0
Sample58,MINION_MK1D,30,145967899,0,10,72.0,1800.0,1800.0,2740844.0,1579398.0,258031.0,4332.0,2084.0,1855.0,0.8595695398298383,0.48107109879963067,757.8685220729367,139.10026954177897,632.6971375807941,0.670388026461922,5481688.0,3158796.0,,,4.28954315,8.47411633,17.1365929,375.040375,402.140411,422.30127,34.92803103129069,0.0,9.781838129340278,60.98441245659723,7.048174500868056,15.827075086805557,6.358499826388889,1413.0,0.0,232.0,56.0,226.0,121.0
Sample58,MINION_MK1D,60,145967899,0,10,72.0,1800.0,3600.0,7043958.0,4341025.0,628983.0,10465.0,5560.0,4224.0,0.8734442680977575,0.5312947921643574,780.759892086331,148.90696022727272,673.0967988533206,0.7055703625717246,7043958.0,4341025.0,8606228.0,5523254.0,4.54672241,11.348691,17.787817,366.875122,399.003967,419.977295,34.795891443888344,0.0,7.729108984375,68.50583802083334,7.014253993055556,13.560090581597223,3.190708420138889,1413.0,0.0,232.0,56.0,226.0,121.0
Sample58,MINION_MK1D,120,145967899,0,10,72.0,1800.0,7200.0,22833424.0,12154327.0,1578091.0,25269.0,15265.0,9443.0,0.8850828018780087,0.6040998852348728,796.2218801179168,167.11754738960076,903.6140725790494,0.6014173783134759,11416712.0,6077163.5,19700686.0,8428298.0,5.18546534,13.9959307,18.1606636,371.982208,403.238556,426.261505,34.87291043599446,0.0,8.778960308159723,60.3039859375,6.7180557725694445,18.35937404513889,5.839623936631945,1073.0,122.0,304.0,56.0,340.0,153.0
Sample59,MINION_MK1D,30,204850,0,10,17.0,1800.0,1800.0,595316.0,13142.0,67664.0,584.0,89.0,466.0,0.16263643788827561,0.1523972602739726,147.6629213483146,145.20171673819743,1019.3767123287671,0.1357363148311149,1190632.0,26284.0,,,2.27047777,4.22397614,8.44837856,250.997284,422.165924,422.165924,34.92679672241211,0.0,2.4272610677083333,18.31588125,2.752635047743056,72.81388070746529,3.6903419270833333,242.0,1.0,902.0,142.0,303.0,458.0
Sample59,MINION_MK1D,60,204850,0,10,17.0,1800.0,3600.0,1202890.0,35802.0,113734.0,1031.0,167.0,817.0,0.23942060774662957,0.16197866149369544,214.38323353293413,139.2093023255814,1166.721629485936,0.12431394391839652,1202890.0,35802.0,1215148.0,45320.0,3.36474943,5.85734606,8.4376421,386.441,404.284821,422.930817,34.9275198618571,0.0,1.2700396918402779,16.122501519097224,1.4493372395833335,80.63936916232639,0.5187523871527778,242.0,1.0,902.0,142.0,303.0,458.0
Sample59,MINION_MK1D,120,204850,0,10,17.0,1800.0,7200.0,2140782.0,75780.0,255625.0,1659.0,241.0,1395.0,0.2286628143811952,0.14526823387582882,314.43983402489624,183.2437275985663,1290.4050632911392,0.15480558039071704,1070391.0,37890.0,1459220.0,17264.0,2.25839233,3.54549479,5.72305632,252.054214,408.314972,408.314972,34.926382573445636,0.0,0.775925217013889,9.60065666232639,1.4293190538194445,85.52620757378473,2.6678914930555555,118.0,22.0,814.0,139.0,351.0,604.0
Sample60,MINION_MK1D,30,16988,0,10,12.0,1800.0,1800.0,124389.0,0.0,17756.0,27.0,0.0,25.0,0.0,0.0,,710.24,4607.0,0.14274574118290204,248778.0,0.0,,,1.125,2.31730771,4.19230747,0.0,0.0,0.0,34.92491544087728,0.0,0.5415234157986112,56.530559874131946,10.168129166666667,25.187615668402778,7.572171875,1198.0,2.0,363.0,36.0,346.0,103.0
Sample60,MINION_MK1D,60,16988,0,10,12.0,1800.0,3600.0,193957.0,499.0,33945.0,96.0,3.0,87.0,0.01448728370688654,0.03125,166.33333333333334,390.17241379310343,2020.3854166666667,0.17758575354331116,193957.0,499.0,139136.0,998.0,2.19423079,3.84038472,4.84038448,0.0,0.0,0.0,34.92668546040853,0.0,0.37287421875000004,57.17305679253472,11.38742521701389,26.312195464409722,4.754448307291667,1198.0,2.0,363.0,36.0,346.0,103.0
Sample60,MINION_MK1D,120,16988,0,10,12.0,1800.0,7200.0,558285.0,1076.0,54769.0,148.0,6.0,129.0,0.019267615722087923,0.04054054054054054,179.33333333333334,424.5658914728682,3772.195945945946,0.10002955479728096,279142.5,538.0,637942.0,652.0,1.05978262,2.01630425,3.26630425,0.0,0.0,0.0,34.9271842956543,0.0,0.4649606553819445,52.676740190972225,9.840036523437501,30.374927690972225,6.643334939236111,917.0,27.0,528.0,36.0,422.0,118.0
Sample61,MINION_MK1D,30,838090,0,10,12.0,1800.0,1800.0,1426615.0,162853.0,278161.0,667.0,147.0,469.0,0.3692694562984395,0.22038980509745126,1107.843537414966,593.09381663113,2138.853073463268,0.30913315785968887,2853230.0,325706.0,,,1.96181071,2.88655,4.58327103,362.220367,394.465668,436.839783,34.927277374267575,0.0,3.8913655598958337,7.387463368055556,6.888789908854167,78.03811640625,3.7942647569444445,321.0,33.0,488.0,605.0,486.0,115.0
Sample61,MINION_MK1D,60,838090,0,10,12.0,1800.0,3600.0,1962554.0,203926.0,310158.0,777.0,192.0,576.0,0.3966783638471534,0.2471042471042471,1062.1145833333333,538.46875,2525.809523809524,0.26194642287549796,1962554.0,203926.0,1071878.0,82146.0,2.34134626,3.23798084,4.46153831,294.055176,369.653931,409.751831,34.92664388020833,0.0,0.6540930772569444,1.83485703125,1.3903093098958335,95.71803177083333,0.4027088107638889,321.0,33.0,488.0,605.0,486.0,115.0
Sample61,MINION_MK1D,120,838090,0,10,12.0,1800.0,7200.0,3141812.0,277791.0,423777.0,1304.0,320.0,932.0,0.3959573412698413,0.24539877300613497,868.096875,454.69635193133047,2409.365030674847,0.22330043936429042,1570906.0,138895.5,1495742.0,145856.0,2.12451267,3.17568231,4.9495616,381.849609,402.851898,437.558441,34.92672348022461,0.0,1.9871261501736113,4.768124045138889,3.9979818359375003,86.59601940104167,2.6507485677083333,171.0,8.0,600.0,642.0,533.0,94.0
Sample62,MINION_MK1D,30,13667519,0,10,12.0,1800.0,1800.0,2929438.0,301498.0,278232.0,1930.0,727.0,1128.0,0.5200662377313577,0.3766839378238342,414.71526822558457,246.6595744680851,1517.8435233160621,0.19789802685702854,5858876.0,602996.0,,,1.93879128,4.08742237,13.2297258,350.313782,390.114532,431.390686,34.937926610310875,0.0,16.54689791666667,17.252230967881946,6.942286979166667,53.80950425347223,5.449079882812501,433.0,160.0,519.0,83.0,756.0,97.0
Sample62,MINION_MK1D,60,13667519,0,10,12.0,1800.0,3600.0,9345620.0,729542.0,574503.0,3843.0,1545.0,2132.0,0.5594454179111917,0.4020296643247463,472.19546925566345,269.46669793621015,2431.855321363518,0.13953541873091352,9345620.0,729542.0,12832364.0,856088.0,2.03935313,5.60378456,17.4399548,361.624115,390.421814,423.49704,34.93998095194499,0.0,13.248848025173611,15.121334613715279,5.2925517578125,64.08247269965278,2.2547929036458334,433.0,160.0,519.0,83.0,756.0,97.0
Sample62,MINION_MK1D,120,13667519,0,10,12.0,1800.0,7200.0,22911250.0,1546961.0,1222628.0,8042.0,3315.0,4495.0,0.5585525505769989,0.41221089281273315,466.6549019607843,271.99733036707454,2848.949266351654,0.1208833651590376,11455625.0,773480.5,21145416.0,991200.0,2.07965875,3.96913338,15.6475267,364.411285,387.486786,419.148468,34.939173762003584,0.0,12.305158116319445,16.676824717881946,5.857927734375,59.98605631510417,5.174033116319444,373.0,118.0,552.0,89.0,809.0,107.0
Sample65,MINION_MK1D,30,419273893,0,10,12.0,1800.0,1800.0,22627581.0,17283653.0,1914748.0,14067.0,10583.0,3259.0,0.9002652356308215,0.7523281438828464,1633.1525087404327,587.5262350414238,1608.5576882064406,0.8484513214205266,45255162.0,34567306.0,,,9.61700439,14.3383636,18.6218872,369.782959,407.138092,436.273834,34.4528626759847,0.0,12.30208884548611,21.239456575520833,7.050360394965278,53.49492586805556,5.913168315972222,504.0,41.0,661.0,91.0,632.0,119.0
Sample65,MINION_MK1D,60,419273893,0,10,12.0,1800.0,3600.0,48022776.0,35014644.0,3890425.0,27806.0,20829.0,6391.0,0.900002105124142,0.7490829317413508,1681.0525709347544,608.7349397590361,1727.065237718478,0.8101378604185647,48022776.0,35014644.0,50790390.0,35461982.0,9.29277611,14.2996492,18.5427761,357.478577,395.74649,427.149445,34.06613324483236,0.0,12.17410334201389,22.247963042534725,6.643535373263889,56.060764084201395,2.8736341579861113,504.0,41.0,661.0,91.0,632.0,119.0
Sample65,MINION_MK1D,120,419273893,0,10,12.0,1800.0,7200.0,119825800.0,69930938.0,8551407.0,57494.0,43345.0,13544.0,0.891040373475079,0.7539047552788117,1613.3565117083863,631.3797253396338,2084.1444324625177,0.6549703402773025,59912900.0,34965469.0,94787760.0,38681270.0,9.32881546,14.1239586,18.6711845,359.507324,400.86618,431.215637,34.06669362386068,0.0,16.058199587673613,21.07699672309028,7.388817122395833,48.571432595486115,6.904553971354167,545.0,45.0,604.0,92.0,652.0,110.0
Sample66,MINION_MK1D,30,3359723,0,10,12.0,1800.0,1800.0,1811085.0,671847.0,302522.0,914.0,413.0,484.0,0.6895200894117116,0.45185995623632386,1626.7481840193705,625.0454545454545,1981.4934354485777,0.5380029098579029,3622170.0,1343694.0,,,2.125,2.96160126,7.9545207,335.923126,382.346527,413.949646,34.93829930623372,0.0,3.7218218315972225,8.170022547743056,4.102783723958334,80.30072634548611,3.704645551215278,184.0,45.0,509.0,188.0,974.0,148.0
Sample66,MINION_MK1D,60,3359723,0,10,12.0,1800.0,3600.0,2647546.0,944305.0,438462.0,1347.0,648.0,683.0,0.682909702068389,0.48106904231625836,1457.2608024691358,641.9648609077599,1965.5129918337045,0.5222825212479784,2647546.0,944305.0,1672922.0,544916.0,1.73598135,2.38434577,16.9567757,347.643,386.388824,416.77652,34.9383846282959,0.0,1.9372265190972222,4.759461979166667,2.3625934678819447,90.07636729600695,0.8643507378472223,184.0,45.0,509.0,188.0,974.0,148.0
Sample66,MINION_MK1D,120,3359723,0,10,12.0,1800.0,7200.0,4287486.0,1338615.0,736987.0,2386.0,1090.0,1269.0,0.6449285556672233,0.45683151718357085,1228.0871559633028,580.7620173364854,1796.93461860855,0.4841070034980872,2143743.0,669307.5,2041392.0,605060.0,2.04560566,2.63090849,9.38792419,333.369537,382.839722,426.832977,34.93824602762858,0.0,2.6791589192708334,6.015845182291667,2.525222526041667,86.06374197048612,2.7160314019097225,139.0,12.0,520.0,191.0,1020.0,166.0
Sample68,MINION_MK1D,30,1244562,0,10,72.0,1800.0,1800.0,3320307.0,140191.0,478252.0,2189.0,459.0,1564.0,0.22668378492439886,0.2096847875742348,305.4270152505447,305.78772378516624,1516.8145271813614,0.18626078853551795,6640614.0,280382.0,,,2.19732928,4.84542656,9.38967228,364.814331,419.765228,493.750702,34.93818613688151,0.0,8.045073003472222,7.59609416232639,6.081740928819444,73.32997725694445,4.9471146484375,262.0,54.0,741.0,114.0,803.0,74.0
Sample68,MINION_MK1D,60,1244562,0,10,72.0,1800.0,3600.0,6541397.0,272897.0,816246.0,3890.0,876.0,2889.0,0.2505612210701441,0.22519280205655526,311.5262557077626,282.53582554517135,1681.593059125964,0.16650006107258128,6541397.0,272897.0,6442180.0,265412.0,2.37589025,4.42781878,11.1643171,350.479279,418.034851,498.205963,34.93800532023112,0.0,5.092420203993056,7.272056770833333,4.6459059895833335,81.17400032552084,1.8156167100694445,262.0,54.0,741.0,114.0,803.0,74.0
Sample68,MINION_MK1D,120,1244562,0,10,72.0,1800.0,7200.0,16339081.0,547588.0,1473980.0,7927.0,1834.0,5599.0,0.2708729065754899,0.2313611706824776,298.57579062159215,263.25772459367744,2061.1935158319666,0.12372593048531921,8169540.5,273794.0,11952380.0,347902.0,2.21725154,5.08549118,12.2337456,379.469,446.491638,490.854767,34.937618509928384,0.0,9.4455736328125,11.076972743055556,7.393924045138889,67.04441336805556,5.0391162109375,330.0,22.0,665.0,120.0,831.0,80.0
Sample69,MINION_MK1D,30,640681171,0,10,3.0,600.0,1800.0,104466773.0,94007231.0,4144268.0,23367.0,19638.0,3122.0,0.9577768241725987,0.8404159712414944,4787.006365210306,1327.4401024983986,4470.696837420293,0.9395475344107739,208933546.0,188014462.0,258453132.0,228453114.0,11.625,16.625,19.875,360.486328,397.61084,427.430176,34.431582641601565,0.0,40.871691341145834,18.90301484375,10.122792838541667,27.101207552083334,3.001293424479167,887.0,2.0,735.0,6.0,306.0,112.0
Sample69,MINION_MK1D,60,640681171,0,10,3.0,600.0,3600.0,239403442.0,209896125.0,8878556.0,49534.0,42805.0,5853.0,0.9594168943160292,0.8641539144829814,4903.5422263754235,1516.9239706133608,4833.113457423184,0.9138326465665435,239403442.0,209896125.0,266809956.0,232695618.0,11.875,16.375,19.875,360.198029,397.93158,428.063385,34.4326587677002,0.0,41.34544811197917,18.475657161458333,8.978273307291667,28.412252148437503,2.7883692708333334,887.0,2.0,735.0,6.0,306.0,112.0
Sample69,MINION_MK1D,120,640681171,0,10,3.0,600.0,7200.0,504720391.0,437254884.0,17019933.0,104222.0,91679.0,11164.0,0.9625338399508947,0.8796511293201051,4769.411577351411,1524.5371730562522,4842.74328836522,0.9000524351709817,252360195.5,218627442.0,285681192.0,260590716.0,12.625,16.625,20.125,368.706055,402.869385,433.011902,34.4312084197998,0.0,46.651526953125,18.826597395833335,8.715083268229167,22.769775520833335,3.0370168619791666,825.0,3.0,803.0,8.0,302.0,107.0
Sample70,MINION_MK1D,30,14319381,0,10,3.0,600.0,1800.0,4802870.0,1145746.0,404111.0,2215.0,934.0,1024.0,0.7392591703621689,0.4216704288939052,1226.7087794432548,394.6396484375,2168.3386004514673,0.3226939309204705,9605740.0,2291492.0,14827638.0,2914320.0,1.875,2.875,17.125,378.248413,413.031189,462.615021,34.92546501159668,0.0,9.277328059895833,39.4367216796875,8.655180208333334,38.607575000000004,4.0231950520833335,821.0,4.0,698.0,8.0,324.0,193.0
Sample70,MINION_MK1D,60,14319381,0,10,3.0,600.0,3600.0,10539556.0,3127656.0,752110.0,5012.0,2341.0,2360.0,0.8061455252713695,0.46707901037509975,1336.034173430158,318.6906779661017,2102.8643256185155,0.36811474790778664,10539556.0,3127656.0,10271934.0,3978906.0,2.625,6.125,17.875,368.857117,401.286835,449.863678,34.53504333496094,0.0,5.949841536458334,37.75599967447917,7.989733658854167,44.6985087890625,3.6059163411458335,821.0,4.0,698.0,8.0,324.0,193.0
Sample70,MINION_MK1D,120,14319381,0,10,3.0,600.0,7200.0,32081673.0,7392031.0,1432878.0,12219.0,5929.0,5689.0,0.8376325466925495,0.4852279237253458,1246.758475290943,251.86816663737036,2625.5563466732137,0.2750763340802084,16040836.5,3696015.5,16419174.0,5031720.0,2.625,6.375,18.375,361.649292,405.231842,445.066284,34.435708618164064,0.0,14.4517482421875,40.583675651041666,8.6791873046875,31.87495572916667,4.410433072916667,820.0,15.0,631.0,8.0,416.0,158.0
Sample71,MINION_MK1D,30,281211,0,10,5.0,1800.0,1800.0,2673054.0,24007.0,258316.0,879.0,49.0,704.0,0.08503380879347414,0.055745164960182024,489.9387755102041,366.9261363636364,3041.0170648464164,0.1056181431426376,5346108.0,48014.0,,,1.7180233,2.90087199,4.64767456,95.4167862,362.565887,496.378204,34.924967193603514,0.0,23.578557183159724,39.085142578125,8.318685264756946,22.19152016059028,6.826094813368056,1144.0,39.0,291.0,11.0,432.0,131.0
Sample71,MINION_MK1D,60,281211,0,10,5.0,1800.0,3600.0,9418111.0,34246.0,532673.0,1823.0,140.0,1490.0,0.06040721866792258,0.07679648930334614,244.61428571428573,357.4986577181208,5166.2704333516185,0.060194554937821394,9418111.0,34246.0,13490114.0,20478.0,1.70686817,2.95686817,4.71538448,139.799652,240.521042,240.521042,34.92618726094564,0.0,21.169207421875,46.71140247395834,7.653035199652778,20.771985394965277,3.6943695095486113,1144.0,39.0,291.0,11.0,432.0,131.0
Sample71,MINION_MK1D,120,281211,0,10,5.0,1800.0,7200.0,24796123.0,125497.0,1143478.0,4142.0,446.0,3459.0,0.09889635335605508,0.10767745050700145,281.3834080717489,330.58051459959523,5986.509657170449,0.05117634720556919,12398061.5,62748.5,19954960.0,46312.0,1.67711866,2.92330503,5.85614395,115.453575,340.545135,466.372,34.926409276326496,0.0,15.62526408420139,42.262061436631946,7.827154535590278,25.911236675347222,8.374283268229167,992.0,74.0,363.0,10.0,479.0,130.0
Sample72,MINION_MK1D,30,279219832,0,10,5.0,1800.0,1800.0,30229906.0,26834471.0,2023657.0,23419.0,19265.0,3561.0,0.9298756662247808,0.8226226568171143,1392.9131066701273,568.2833473743331,1290.8282164054826,0.9546218238323334,60459812.0,53668942.0,,,11.2186813,15.3123627,19.8123417,371.681091,400.795868,427.984741,34.92495981852213,0.0,22.748577690972223,18.032968750000002,7.450525607638889,45.37028980034722,6.397638151041667,579.0,74.0,581.0,16.0,682.0,116.0
Sample72,MINION_MK1D,60,279219832,0,10,5.0,1800.0,3600.0,64933512.0,57306070.0,3859679.0,49092.0,41264.0,7255.0,0.936898034225004,0.8405442842010918,1388.7667215975184,532.0026188835286,1322.690295771205,0.9419750621220057,64933512.0,57306070.0,69407212.0,60943198.0,11.1279249,15.9604387,19.875,371.331665,400.77597,429.18161,34.925842157999675,0.0,22.504933289930555,19.61221098090278,6.885347808159723,47.447946875,3.5495610460069447,579.0,74.0,581.0,16.0,682.0,116.0
Sample72,MINION_MK1D,120,279219832,0,10,5.0,1800.0,7200.0,132941694.0,113073890.0,7413296.0,99085.0,83780.0,14600.0,0.9384723285013894,0.845536660443054,1349.6525423728813,507.76,1341.693434929606,0.9063160124919124,66470847.0,56536945.0,68988780.0,54298822.0,11.1825657,14.7198334,19.8174343,374.844604,404.033508,431.956787,34.92641665140788,0.0,20.197619639756944,17.35122536892361,6.9199232421875,48.301117773437504,7.230113975694445,556.0,100.0,573.0,19.0,683.0,117.0
Sample74,MINION_MK1D,30,22429596,0,10,12.0,1800.0,1800.0,2165022.0,1478761.0,117271.0,867.0,673.0,98.0,0.9265234030395381,0.776239907727797,2197.2674591381874,1196.642857142857,2497.1418685121107,0.7371897375638677,4330044.0,2957522.0,,,14.7581806,17.980051,20.9418774,381.710754,400.748444,414.531219,34.92786610921224,0.0,2.334560134548611,54.672328255208335,5.036728450520833,32.76515750868056,5.191225651041667,737.0,1.0,102.0,117.0,695.0,396.0
Sample74,MINION_MK1D,60,22429596,0,10,12.0,1800.0,3600.0,4808343.0,3328120.0,277350.0,1736.0,1416.0,213.0,0.9230752162686141,0.815668202764977,2350.367231638418,1302.112676056338,2769.7828341013824,0.7498362741593102,4808343.0,3328120.0,5286642.0,3698718.0,15.6330185,17.3729954,20.5396614,378.276215,400.301666,416.447296,34.92706769307454,0.0,2.2444733289930556,54.991957530381946,4.384699327256945,36.15866134982639,2.220208463541667,737.0,1.0,102.0,117.0,695.0,396.0
Sample74,MINION_MK1D,120,22429596,0,10,12.0,1800.0,7200.0,10134894.0,6701509.0,596088.0,3479.0,2736.0,681.0,0.9183172214086363,0.7864328830123599,2449.3819444444443,875.3127753303964,2913.162977867203,0.7200467020178011,5067447.0,3350754.5,6111566.0,3396786.0,14.9840097,18.7639275,20.890131,380.2341,403.181152,415.766296,34.92654609680176,0.0,1.5808121527777779,45.99109301215278,3.743824435763889,44.82701736111111,3.8572530381944445,557.0,5.0,151.0,119.0,824.0,392.0
Sample75,MINION_MK1D,30,618524268,0,10,2.0,600.0,1800.0,105646344.0,101378602.0,6136506.0,79222.0,71471.0,7308.0,0.9429242446559232,0.9021610158794274,1418.4578640287668,839.6970443349753,1333.5480548332534,1.017688865787916,211292688.0,202757204.0,284849484.0,275022984.0,12.875,18.375,21.875,372.414764,396.365387,416.425964,35.43731689453125,0.0,45.15906302083334,34.71190748697917,6.338097786458333,11.504596093750001,2.2863356119791667,1274.0,1.0,156.0,223.0,160.0,234.0
Sample75,MINION_MK1D,60,618524268,0,10,2.0,600.0,3600.0,272592954.0,265167778.0,15762519.0,187864.0,171302.0,16660.0,0.9438917084831189,0.9118404803474854,1547.954945067775,946.1295918367347,1451.0121896691223,1.030585320998429,272592954.0,265167778.0,348404964.0,342698904.0,13.875,18.875,21.625,376.919281,400.115173,420.341827,35.56136817932129,0.0,54.529503710937504,26.139319401041668,4.759118098958334,12.694779166666667,1.8772796223958335,1274.0,1.0,156.0,223.0,160.0,234.0
Sample75,MINION_MK1D,120,618524268,0,10,2.0,600.0,7200.0,633398211.0,617471002.0,33199001.0,397408.0,365744.0,32667.0,0.948977206806935,0.9203236975601901,1688.2600999606282,1016.2855787185845,1593.8235038046541,1.0272684571886168,316699105.5,308735501.0,401229684.0,406500576.0,14.625,18.875,21.875,381.16687,404.466095,423.840576,35.561194610595706,0.0,60.54054340023276,19.589378180636185,4.357627662817896,13.590646070195941,1.9218046861172096,1129.0,14.0,247.0,230.0,210.0,218.0
Sample77,MINION_MK1D,30,66795727,0,10,6.0,1800.0,1800.0,5541513.0,5519027.0,321251.0,4213.0,3789.0,417.0,0.9449938855650365,0.8993591265131735,1456.5919767748746,770.3860911270983,1315.3365772608593,1.0539139762010845,11083026.0,11038054.0,,,12.0094795,17.3983154,20.2777901,383.413147,407.901855,426.675018,34.82374229431152,0.0,1.7481270616319444,7.053016601562501,1.3546722222222223,86.77820980902779,3.0659743055555557,84.0,42.0,263.0,138.0,1077.0,444.0
Sample77,MINION_MK1D,60,66795727,0,10,6.0,1800.0,3600.0,10539910.0,10356572.0,620924.0,7910.0,7179.0,753.0,0.9434366452968874,0.9075853350189633,1442.6204206714026,824.6002656042497,1332.479140328698,1.0415170528021587,10539910.0,10356572.0,9996794.0,9675090.0,11.8202829,16.9925194,20.2895546,373.679932,397.131897,416.345062,34.4370423634847,0.0,1.5075688151041668,6.163417491319445,0.6354104166666666,91.35185167100695,0.3417516059027778,84.0,42.0,263.0,138.0,1077.0,444.0
Sample77,MINION_MK1D,120,66795727,0,10,6.0,1800.0,7200.0,22504789.0,21253347.0,1514397.0,16267.0,14575.0,1723.0,0.9334849776947598,0.8959857379971722,1458.2056260720412,878.9303540336622,1383.4627774021023,1.0116844019288518,11252394.5,10626673.5,15163226.0,13251622.0,12.0659952,17.2866859,20.7239208,369.343475,396.357208,418.492645,34.49174550374349,0.0,2.219084830729167,7.965381966145833,1.5497844618055556,85.80805837673611,2.4576903645833332,103.0,30.0,265.0,144.0,1069.0,437.0
Sample78,MINION_MK1D,30,242971200,0,10,4.0,1800.0,1800.0,31280512.0,26128330.0,1837362.0,20333.0,18028.0,2206.0,0.934299426597418,0.8866374858604239,1449.3193920568006,832.8930190389846,1538.4110559189494,0.8940292281660863,62561024.0,52256660.0,,,13.125,18.0872631,21.0872631,361.012,395.853027,418.84848,35.13482487996419,0.0,23.489043250868058,36.06990243055556,7.432075868055556,27.0903345703125,5.918643880208333,936.0,21.0,263.0,316.0,263.0,249.0
Sample78,MINION_MK1D,60,242971200,0,10,4.0,1800.0,3600.0,72275266.0,57990200.0,4282756.0,44997.0,39882.0,4896.0,0.9312260686645419,0.8863257550503367,1454.0444310716614,874.7459150326797,1606.2241038291443,0.8616081191593262,72275266.0,57990200.0,81989508.0,63723740.0,12.875,17.6239052,20.7088356,359.395935,398.659302,423.091888,35.42074038187663,0.0,27.73676720920139,35.69502426215278,7.2630933593750004,25.913962847222223,3.3911523220486113,936.0,21.0,263.0,316.0,263.0,249.0
Sample78,MINION_MK1D,120,242971200,0,10,4.0,1800.0,7200.0,163350176.0,117508649.0,9067930.0,91968.0,81559.0,10217.0,0.9283601273502581,0.8868193284620738,1440.7808948123445,887.5335225604385,1776.1631871955462,0.7748787427079357,81675088.0,58754324.5,99016782.0,57223584.0,13.0061626,17.3443451,20.9688683,361.484955,401.149536,425.990875,35.43768831888835,0.0,22.758343164062502,27.724451519097222,6.884364973958333,35.26011115451389,7.372729188368056,755.0,77.0,304.0,327.0,349.0,236.0
Sample79,MINION_MK1D,30,2690871,0,10,9.0,1800.0,1800.0,147915.0,125078.0,3842.0,123.0,105.0,13.0,0.9701985727582997,0.8536585365853658,1191.2190476190476,295.53846153846155,1202.560975609756,0.8715816516242436,295830.0,250156.0,,,11.5335369,14.7510166,16.9827232,313.299774,350.010101,384.921906,34.92788416544597,0.0,0.23442361111111112,1.1511253689236112,0.11732790798611112,96.28103181423612,2.2160912977430556,14.0,0.0,27.0,51.0,1926.0,30.0
Sample79,MINION_MK1D,60,2690871,0,10,9.0,1800.0,3600.0,463348.0,403673.0,12871.0,357.0,311.0,38.0,0.9691005031881386,0.8711484593837535,1297.983922829582,338.7105263157895,1297.8935574229693,0.8989873701839654,463348.0,403673.0,630866.0,557190.0,10.5,15.5,18.0963974,340.800415,367.879089,391.052826,34.92774620056152,0.0,0.27745564236111114,0.8637837239583334,0.10227686631944445,98.68842055121529,0.06806321614583334,14.0,0.0,27.0,51.0,1926.0,30.0
Sample79,MINION_MK1D,120,2690871,0,10,9.0,1800.0,7200.0,790818.0,693935.0,33597.0,594.0,525.0,68.0,0.9538205879603922,0.8838383838383839,1321.7809523809524,494.0735294117647,1331.3434343434344,0.919974001603403,395409.0,346967.5,165150.0,98168.0,10.0236483,15.6452703,16.4290543,324.70816,347.79184,391.438965,34.92687021891276,0.0,0.059629513888888895,0.25766124131944446,0.20867037760416668,97.79388174913196,1.6801571180555557,7.0,4.0,26.0,106.0,1874.0,31.0
Sample80,MINION_MK1D,30,126261229,0,10,12.0,1800.0,1800.0,8249853.0,2718990.0,2128759.0,22802.0,2208.0,20410.0,0.5608768110725204,0.09683361108674678,1231.4266304347825,104.29980401763841,361.80392070870977,0.5876164096499659,16499706.0,5437980.0,,,3.125,4.125,6.2819972,355.948273,389.655,410.317047,34.924909845987955,0.0,40.16821781684028,18.54545900607639,9.296794075520834,24.49413747829861,7.495391623263889,1008.0,5.0,314.0,106.0,340.0,275.0
Sample80,MINION_MK1D,60,126261229,0,10,12.0,1800.0,3600.0,19718456.0,6223784.0,4677395.0,49712.0,4913.0,44443.0,0.5709276033353824,0.09882925651754104,1266.7991044168532,105.24480795625858,396.65384615384613,0.5528414090839566,19718456.0,6223784.0,22937206.0,7009588.0,3.20702434,4.28904867,6.375,364.041504,395.460327,416.067902,35.13690083821614,0.0,41.4135916015625,19.036155403645836,10.530109461805557,23.6496982421875,5.370445290798611,1008.0,5.0,314.0,106.0,340.0,275.0
Sample80,MINION_MK1D,120,126261229,0,10,12.0,1800.0,7200.0,45288366.0,14641017.0,8886257.0,96118.0,10776.0,85136.0,0.6222997615448351,0.11211219542645498,1358.668986636971,104.377196485623,471.1746603133648,0.519499290391709,22644183.0,7320508.5,27939018.0,8903628.0,3.28187251,4.37055254,6.375,371.050629,401.044067,419.052826,35.31211446126302,0.0,35.036393901909726,16.466611176215277,9.486141189236111,31.367811436631946,7.643042296006945,850.0,26.0,359.0,122.0,395.0,296.0
Sample81,MINION_MK1D,30,328560839,0,10,12.0,1800.0,1800.0,13227736.0,9086182.0,2106442.0,21943.0,3318.0,18172.0,0.8118008788645094,0.15120995306020144,2738.4514767932487,115.91690512876954,602.8225857904571,0.8461481239117563,26455472.0,18172364.0,,,3.05001354,3.96155238,5.7865386,381.327454,406.964661,423.577484,34.83260383605957,0.0,34.54711043836806,8.673847764756944,8.029149978298612,41.42462951388889,7.3252623046875005,925.0,29.0,217.0,26.0,781.0,70.0
Sample81,MINION_MK1D,60,328560839,0,10,12.0,1800.0,3600.0,31087569.0,22649579.0,4126612.0,39706.0,8068.0,31468.0,0.8458850252450022,0.20319347201934215,2807.33502726822,131.1367738655142,782.9438623885559,0.8613150484684087,31087569.0,22649579.0,35719666.0,27126794.0,2.875,3.875,5.875,372.03006,397.309937,412.501678,34.43124402364095,0.0,31.054592881944448,11.158392144097222,8.012922721354167,45.30355093315973,4.470541319444445,925.0,29.0,217.0,26.0,781.0,70.0
Sample81,MINION_MK1D,120,328560839,0,10,12.0,1800.0,7200.0,75321761.0,52519882.0,8555554.0,74201.0,18272.0,55775.0,0.8599182492942007,0.24625005053840246,2874.336799474606,153.39406544150606,1015.1043921240954,0.8108604364680215,37660880.5,26259941.0,47771214.0,29819736.0,3.125,4.125,6.23196459,377.965485,399.81369,416.789062,34.431898244222005,0.0,31.704445811631945,11.525771267361112,7.4553762803819446,42.84365948350695,6.470747157118056,822.0,39.0,224.0,42.0,845.0,76.0
Sample82,MINION_MK1D,30,304344430,0,10,6.0,1800.0,1800.0,81548101.0,9652913.0,40508735.0,155365.0,3842.0,151942.0,0.19243612171593724,0.0247288642873234,2512.470848516398,266.6065669795053,524.8807710874393,0.6151173035899389,163096202.0,19305826.0,,,3.2077024,3.80212736,5.125,363.24942,406.455872,429.930542,34.831769688924155,0.0,44.399562131076394,4.298223806423612,16.027049457465278,25.61653680555556,9.658627799479166,1229.0,4.0,300.0,104.0,299.0,112.0
Sample82,MINION_MK1D,60,304344430,0,10,6.0,1800.0,3600.0,175305853.0,28743447.0,78143401.0,263731.0,10775.0,254711.0,0.26891472185614457,0.04085602375147404,2667.6052900232016,306.79240786616987,664.7146258877417,0.6097163681123642,175305853.0,28743447.0,187515504.0,38181068.0,3.125,3.875,4.875,357.279297,399.092499,421.961548,34.55999514261882,0.0,44.029558311631945,4.614599609375,17.320984375000002,27.29680807291667,6.7380496310763895,1229.0,4.0,300.0,104.0,299.0,112.0
Sample82,MINION_MK1D,120,304344430,0,10,6.0,1800.0,7200.0,318440850.0,81426020.0,120534939.0,424157.0,29786.0,398589.0,0.4031770318539634,0.07022399724630267,2733.7010676156583,302.4040778847384,750.7617462401894,0.6342181255953814,159220425.0,40713010.0,109642354.0,55500432.0,3.125,3.9616437,5.74809217,380.812164,409.877869,428.755219,34.5551264444987,0.0,34.669615234375,5.798999913194445,13.751206814236111,34.32752779947917,11.452650238715279,887.0,9.0,552.0,103.0,376.0,121.0
Sample83,MINION_MK1D,30,752878313,0,10,6.0,1800.0,1800.0,75654807.0,65606733.0,3999974.0,50786.0,45829.0,4397.0,0.9425346468408569,0.902394360650573,1431.5549761068319,909.7052535819877,1489.6783956208403,0.9200566330173838,151309614.0,131213466.0,,,13.2212048,17.0674095,20.4939785,344.153198,389.948273,416.333435,35.400164413452146,0.0,35.34683832465278,19.84767265625,15.985777712673611,20.688865364583336,8.130845941840278,1139.0,5.0,273.0,95.0,372.0,164.0
Sample83,MINION_MK1D,60,752878313,0,10,6.0,1800.0,3600.0,166608179.0,143662177.0,8943108.0,106901.0,97717.0,9010.0,0.9413971278910819,0.9140887363074246,1470.186119099031,992.5758046614873,1558.5277873920732,0.9159531417722295,166608179.0,143662177.0,181906744.0,156110888.0,13.4568033,17.0387859,20.5401955,350.950104,399.098114,425.06073,35.80110028584798,0.0,35.32566716579861,18.11840299479167,17.509593033854166,23.816319835069446,5.230016970486111,1139.0,5.0,273.0,95.0,372.0,164.0
Sample83,MINION_MK1D,120,752878313,0,10,6.0,1800.0,7200.0,343112536.0,284965593.0,18823978.0,206675.0,189193.0,17256.0,0.9380361283040884,0.9154130881819281,1506.216366356049,1090.8656699119147,1660.1550066529576,0.8853933888326365,171556268.0,142482796.5,182941834.0,140052676.0,13.625,17.2763329,20.625,351.713531,399.025238,424.059174,35.80179913838705,0.0,29.598329101562502,13.468173936631946,12.515336458333334,36.34085392795139,8.077306575520833,687.0,13.0,554.0,101.0,522.0,171.0
Sample85,MINION_MK1D,30,66026530,0,10,6.0,1800.0,1800.0,16120569.0,6262668.0,1366740.0,18500.0,6615.0,11360.0,0.8208589709712732,0.3575675675675676,946.7374149659864,120.31161971830986,871.3821081081081,0.4732716320373059,32241138.0,12525336.0,,,2.46485305,4.20692492,6.21485281,328.718414,361.046,382.214752,35.14012807210286,0.0,22.98703088107639,18.824614735243056,6.857241818576389,46.108994509548616,5.222118055555556,646.0,23.0,504.0,169.0,348.0,358.0
Sample85,MINION_MK1D,60,66026530,0,10,6.0,1800.0,3600.0,39995531.0,14113661.0,2863153.0,36419.0,15139.0,20905.0,0.8313492154652811,0.41568961256486997,932.2716824096703,136.96020090887347,1098.2050852576951,0.4244677736620124,39995531.0,14113661.0,47749924.0,15701986.0,2.875,4.54404974,13.8584166,343.401,375.614777,397.274048,35.92969220479329,0.0,19.8194455078125,14.204069986979167,5.090903667534723,59.237839778645835,1.647741059027778,646.0,23.0,504.0,169.0,348.0,358.0
Sample85,MINION_MK1D,120,66026530,0,10,6.0,1800.0,7200.0,85725761.0,27053031.0,5262965.0,64556.0,29470.0,34739.0,0.8371405603590246,0.4565028812194064,917.9854428232101,151.50018710958864,1327.9286356031973,0.3769694852869256,42862880.5,13526515.5,48213540.0,10547754.0,2.95681238,4.45681238,17.9690647,347.910767,379.59787,399.713715,35.931488291422525,0.0,10.124848480902779,8.572345052083334,2.720090256076389,74.5170525390625,4.065663671875,320.0,27.0,531.0,172.0,353.0,645.0
Sample86,MINION_MK1D,30,68519667,0,10,6.0,1800.0,1800.0,2819037.0,1331146.0,307311.0,2794.0,557.0,1898.0,0.8124387762388637,0.19935576234788832,2389.8491921005384,161.9130663856691,1008.9609878310665,0.5812115981450403,5638074.0,2662292.0,,,2.625,4.42963743,6.88157415,340.546173,364.920258,386.31424,34.92667465209961,0.0,5.828176866319445,7.1148321397569445,2.1126923611111112,81.78127048611111,3.163028146701389,182.0,78.0,331.0,153.0,959.0,345.0
Sample86,MINION_MK1D,60,68519667,0,10,6.0,1800.0,3600.0,8347558.0,5955706.0,831618.0,7001.0,2142.0,4581.0,0.8774748339699121,0.30595629195829166,2780.4416433239962,181.53634577603142,1192.3379517211827,0.8130909662442597,8347558.0,5955706.0,11057042.0,9249120.0,2.875,4.45740271,14.3848028,337.113831,366.645905,389.17392,35.14586931864421,0.0,7.741798806423612,4.7138650390625,1.2007865234375001,85.88387408854167,0.45967554253472226,182.0,78.0,331.0,153.0,959.0,345.0
Sample86,MINION_MK1D,120,68519667,0,10,6.0,1800.0,7200.0,23925823.0,17484524.0,2143731.0,16963.0,7073.0,9453.0,0.8907834140120964,0.4169663385014443,2472.0096140251662,226.7778483021263,1410.4712020279433,0.8203795121279631,11962911.5,8742262.0,15285818.0,12228552.0,2.95025253,9.25782871,19.6386356,363.121429,382.578308,401.616638,35.93089332580566,0.0,8.214948589409723,4.465376540798611,1.6396856770833335,83.20810327690972,2.471885915798611,205.0,40.0,351.0,147.0,952.0,353.0
Sample87,MINION_MK1D,30,132079,0,10,6.0,1800.0,1800.0,605068.0,132079.0,245622.0,3415.0,96.0,3318.0,0.34969195209967674,0.028111273792093706,1375.8229166666667,74.02712477396021,177.17950219619325,0.6242290122763061,1210136.0,264158.0,,,2.87463379,3.8744874,5.62412119,372.234924,395.260376,412.595123,34.927219263712566,0.0,2.9472916666666666,1.0396728515625,5.866372178819445,85.43557899305556,4.711084309895834,821.0,7.0,701.0,13.0,428.0,78.0
Sample87,MINION_MK1D,60,132079,0,10,6.0,1800.0,3600.0,605068.0,132079.0,245622.0,3415.0,96.0,3318.0,0.34969195209967674,0.028111273792093706,1375.8229166666667,74.02712477396021,177.17950219619325,0.6242290122763061,605068.0,132079.0,0.0,0.0,0.0,0.0,0.0,0.0,0.0,0.0,34.927136484781904,0.0,0.0,0.0,0.0,100.0,0.0,821.0,7.0,701.0,13.0,428.0,78.0
Sample87,MINION_MK1D,120,132079,0,10,6.0,1800.0,7200.0,605068.0,132079.0,245622.0,3415.0,96.0,3318.0,0.34969195209967674,0.028111273792093706,1375.8229166666667,74.02712477396021,177.17950219619325,0.6242290122763061,302534.0,66039.5,0.0,0.0,0.0,0.0,0.0,0.0,0.0,0.0,34.9272268931071,0.0,0.0,0.0,0.001919140625,98.42487549913194,1.5732053602430556,0.0,0.0,0.0,30.0,2017.0,1.0
Sample88,MINION_MK1D,30,1229466,0,10,6.0,1800.0,1800.0,145784.0,117799.0,29658.0,64.0,44.0,15.0,0.7988701791030606,0.6875,2677.25,1977.2,2277.875,1.0114758821269825,291568.0,235598.0,,,10.09375,13.359375,15.40625,360.033783,388.019897,418.339752,34.93936665852865,0.0,0.07732625868055557,0.09997543402777778,0.27078938802083335,97.31303207465278,2.238876844618056,6.0,3.0,80.0,92.0,1856.0,11.0
Sample88,MINION_MK1D,60,1229466,0,10,6.0,1800.0,3600.0,218447.0,204720.0,30104.0,108.0,90.0,17.0,0.8718018601165128,0.8333333333333334,2274.6666666666665,1770.8235294117646,2022.6574074074074,1.0749701300544297,218447.0,204720.0,145326.0,173842.0,13.693182,18.517046,20.210228,384.698578,394.033264,414.603119,34.938822682698564,0.0,0.02782287326388889,0.021838910590277778,0.13131972656250002,99.79433834635417,0.024680143229166666,6.0,3.0,80.0,92.0,1856.0,11.0
Sample88,MINION_MK1D,120,1229466,0,10,6.0,1800.0,7200.0,571352.0,586707.0,36236.0,278.0,254.0,24.0,0.941830954035923,0.9136690647482014,2309.8700787401576,1509.8333333333333,2055.223021582734,1.0902963497108613,285676.0,293353.5,694982.0,752330.0,13.6934528,15.7961311,20.5401783,379.623535,399.489777,423.518616,34.93823458353678,0.0,0.1476535373263889,0.49908448350694445,0.3358018663194445,97.17509205729168,1.8423680555555557,8.0,2.0,191.0,117.0,1715.0,15.0
Sample89,MINION_MK1D,30,320344535,0,10,3.0,600.0,1800.0,55449770.0,51769852.0,4257188.0,27169.0,23098.0,3874.0,0.9240154753847428,0.8501601089476978,2241.3131872889426,1098.9127516778524,2040.9205344326253,1.0104106833986868,110899540.0,103539704.0,127671918.0,120964530.0,12.875,17.125,19.875,374.430267,400.670746,421.111206,34.936893463134766,0.0,22.804759765625,10.953931315104168,10.551646549479168,51.841819921875,3.847842447916667,532.0,44.0,501.0,127.0,773.0,71.0
Sample89,MINION_MK1D,60,320344535,0,10,3.0,600.0,3600.0,112890822.0,106626539.0,7787548.0,53554.0,46233.0,6652.0,0.9319354093172111,0.8632968592448743,2306.2863971622,1170.7077570655442,2107.981140531053,1.013493258114464,112890822.0,106626539.0,107621016.0,102460134.0,12.875,17.375,20.125,374.435547,401.405273,420.298187,34.939761352539065,0.0,18.134275976562503,7.528918424479167,8.386666536458334,62.9986119140625,2.9515271484375,532.0,44.0,501.0,127.0,773.0,71.0
Sample89,MINION_MK1D,120,320344535,0,10,3.0,600.0,7200.0,223470024.0,208362203.0,14659046.0,100883.0,88342.0,12163.0,0.9342706308671063,0.875687677804982,2358.5859840166627,1205.2163117651894,2215.1405489527474,0.9979917888226476,111735012.0,104181101.5,135726984.0,120239274.0,12.125,16.625,19.875,367.050049,400.650238,420.732513,34.93830757141113,0.0,22.615330794270836,7.325830859375,6.526074934895834,61.29838489583334,2.234378515625,352.0,35.0,598.0,147.0,848.0,68.0
Sample91,MINION_MK1D,30,106244863,0,10,6.0,1800.0,1800.0,29225536.0,6780529.0,13625338.0,93564.0,11596.0,81716.0,0.33228330852102483,0.12393655679534864,584.7299931010693,166.74014880806698,312.35877046727376,0.6982204535102453,58451072.0,13561058.0,,,3.375,4.03061295,5.46938705,363.141022,398.779724,426.068054,35.06918818155925,0.0,22.667655924479167,2.771807118055556,6.855405837673612,62.393396983506946,5.311734136284723,352.0,37.0,487.0,268.0,855.0,49.0
Sample91,MINION_MK1D,60,106244863,0,10,6.0,1800.0,3600.0,62197641.0,16138212.0,27433962.0,172405.0,26429.0,146461.0,0.3703788569282772,0.15329601809692295,610.625146619244,187.31240398467853,360.7647168005568,0.7005438357380789,62197641.0,16138212.0,65944210.0,18715366.0,3.375,3.95625877,5.54374123,363.84906,399.357727,424.733887,35.07623761494954,0.0,20.958851888020835,2.49941796875,5.503718641493056,68.51018726128473,2.527824240451389,352.0,37.0,487.0,268.0,855.0,49.0
Sample91,MINION_MK1D,120,106244863,0,10,6.0,1800.0,7200.0,118905186.0,35667532.0,48543512.0,296095.0,56596.0,240744.0,0.42354933873044015,0.19114135665918033,630.2129479115132,201.6395507260825,401.5778246846451,0.7082201107696009,59452593.0,17833766.0,59018038.0,21022558.0,3.375,3.9424336,5.55756617,361.193085,399.223022,423.595856,35.06049410502116,0.0,18.9654478515625,2.9536840711805556,5.859772591145834,67.75028986545139,4.470805620659722,286.0,35.0,476.0,286.0,919.0,46.0
Sample92,MINION_MK1D,30,196291446,0,10,6.0,1800.0,1800.0,36641494.0,10003267.0,16397645.0,187963.0,9994.0,177406.0,0.3788985395656029,0.05317003878422881,1000.9272563538123,92.4300474617544,194.93992966700893,0.7205195290344875,73282988.0,20006534.0,,,3.375,4.19674253,6.04028654,383.055328,406.794891,424.915649,34.52615445454915,0.0,44.242308311631945,3.9489244140625,14.924244357638889,26.78708224826389,10.097440668402779,1229.0,9.0,205.0,162.0,351.0,92.0
Sample92,MINION_MK1D,60,196291446,0,10,6.0,1800.0,3600.0,77169452.0,24103368.0,30830970.0,352831.0,22234.0,330317.0,0.43876687837760053,0.06301600482950762,1084.076999190429,93.33752122960671,218.71505621671565,0.7118663742746287,77169452.0,24103368.0,81055916.0,28200202.0,3.375,4.29640532,5.95359468,375.846924,400.695953,417.629181,34.18775469462077,0.0,41.694532356770836,3.8810366536458334,16.286073719618056,30.40833461371528,7.73002265625,1229.0,9.0,205.0,162.0,351.0,92.0
Sample92,MINION_MK1D,120,196291446,0,10,6.0,1800.0,7200.0,147659075.0,54351390.0,52509203.0,603242.0,46676.0,556372.0,0.5086195806530851,0.07737524907085382,1164.4397549061616,94.37786768564916,244.77585280865722,0.7236981066013044,73829537.5,27175695.0,69904758.0,30408542.0,3.375,4.20048714,6.04951286,372.690277,397.361328,415.144501,34.189004770914714,0.0,36.822108745659726,4.7847795572916665,14.137898025173612,34.85817599826389,9.397037673611111,930.0,17.0,304.0,166.0,536.0,95.0
Sample93,MINION_MK1D,30,24524771,0,10,6.0,1800.0,1800.0,2663735.0,1015494.0,717246.0,7985.0,1446.0,6507.0,0.5860625367914402,0.18108954289292423,702.2780082987551,110.2268326417704,333.592360676268,0.650492635340978,5327470.0,2030988.0,,,3.125,4.21719551,6.06353617,361.179199,387.306183,407.795502,34.92566986083985,0.0,11.992712217881945,3.8627951171875003,3.631132443576389,76.8009140842014,3.712446137152778,187.0,62.0,419.0,371.0,954.0,55.0
Sample93,MINION_MK1D,60,24524771,0,10,6.0,1800.0,3600.0,7162408.0,2528583.0,1442012.0,16496.0,3209.0,13216.0,0.6368272261462073,0.19453200775945684,787.9660330320972,109.1110774818402,434.1905916585839,0.5543659339149627,7162408.0,2528583.0,8997346.0,3026178.0,3.21253681,4.21253681,6.125,362.214447,385.43457,402.871216,34.92604293823242,0.0,12.067138433159723,3.5033386718750004,3.2704392578125003,79.61885486111112,1.5402287760416666,187.0,62.0,419.0,371.0,954.0,55.0
Sample93,MINION_MK1D,120,24524771,0,10,6.0,1800.0,7200.0,15312590.0,7114924.0,2801922.0,35022.0,8814.0,26166.0,0.7174583531901171,0.2516703786191537,807.2298615838439,107.08254987388214,437.2277425618183,0.6476269527232167,7656295.0,3557462.0,10537504.0,5953762.0,3.0324707,4.125,6.2175293,368.227539,398.146667,419.550842,35.43708330790202,0.0,12.903440017361111,4.5773792751736115,3.563234201388889,75.60787515190972,3.3480713541666667,194.0,24.0,421.0,385.0,962.0,62.0
Sample95,MINION_MK1D,30,7530182,0,10,6.0,1800.0,1800.0,14500417.0,5285083.0,3174466.0,32137.0,7613.0,24024.0,0.6247476077034366,0.23689205588573917,694.2181794299225,132.1372793872794,451.20630425988736,0.583400394623134,29000834.0,10570166.0,,,3.06835985,4.0529294,6.0117197,347.80603,382.868774,408.453278,34.910648600260416,0.0,28.986884353298613,11.253768598090279,21.567317881944444,27.198572851562503,10.993456315104167,1191.0,11.0,385.0,11.0,342.0,108.0
Sample95,MINION_MK1D,60,7530182,0,10,6.0,1800.0,3600.0,39740899.0,6481221.0,9814875.0,55909.0,8624.0,47250.0,0.39771617692973826,0.15425065731814197,751.533047309833,207.72222222222223,710.8139834373715,0.4100585646036845,39740899.0,6481221.0,50480964.0,2392276.0,2.125,3.05057621,4.375,180.558121,205.307297,218.98671,34.875,0.0,14.046744835069445,12.076957964409722,33.9565693359375,31.40367428385417,8.516053580729167,1191.0,11.0,385.0,11.0,342.0,108.0
Sample95,MINION_MK1D,120,7530182,0,10,6.0,1800.0,7200.0,68333626.0,7528907.0,16992464.0,77718.0,9592.0,68580.0,0.30703450471835364,0.1234205718109061,784.9152418682236,247.77579469233012,879.2509585938907,0.3588477947884692,34166813.0,3764453.5,10494530.0,329202.0,2.08746934,3.07905126,4.14569426,167.741531,206.566513,336.533936,34.875,0.0,2.524583289930556,8.180953776041667,7.058651280381945,77.85655846354167,4.3792531901041665,208.0,4.0,921.0,13.0,836.0,66.0
Sample97,MINION_MK1D,30,2040232010,0,10,6.0,1800.0,1800.0,122919210.0,134883601.0,5645826.0,70830.0,65174.0,5377.0,0.9598245995836872,0.9201468304390795,2069.5921839997545,1049.9955365445417,1735.4116899618805,1.1432665976294512,245838420.0,269767202.0,,,13.2732792,16.8744869,20.1650028,431.297577,460.266266,486.547882,34.38462308247884,0.0,49.73138563368056,16.56509513888889,9.436180121527778,17.172706901041668,7.094632204861111,1179.0,15.0,378.0,75.0,244.0,157.0
Sample97,MINION_MK1D,60,2040232010,0,10,6.0,1800.0,3600.0,292723415.0,315675427.0,11768078.0,162952.0,152201.0,10414.0,0.9640607377446684,0.9340235161274486,2074.0693359439165,1130.0247743422317,1796.3781665766605,1.1186105662234092,292723415.0,315675427.0,339608410.0,361583652.0,13.875,17.375,20.625,423.199219,449.551056,473.400208,33.9451608022054,0.0,59.410777408854166,15.322191493055556,7.957012152777778,13.830251215277778,3.4797677300347223,1179.0,15.0,378.0,75.0,244.0,157.0
Sample97,MINION_MK1D,120,2040232010,0,10,6.0,1800.0,7200.0,640208081.0,666213910.0,30194780.0,351183.0,326785.0,23961.0,0.9566421550540962,0.9305262498469459,2038.6918310203957,1260.1635991820042,1823.0041915468573,1.0877849103563564,320104040.5,333106955.0,345653274.0,335332980.0,13.875,17.8146248,20.875,422.753326,450.142212,475.303436,33.945064036051434,0.0,54.512540429687505,12.260804947916668,7.509138888888889,17.688744379340278,8.028771354166667,1128.0,6.0,433.0,76.0,272.0,133.0
Sample98,MINION_MK1D,30,969107220,0,10,6.0,1800.0,1800.0,78054939.0,68609090.0,6311447.0,33536.0,24597.0,8795.0,0.9157581184982697,0.7334506202290076,2789.327560271578,717.617623649801,2327.496988311069,0.9598436429499996,156109878.0,137218180.0,,,10.0094366,16.8127785,19.9372215,374.475861,404.844116,426.155731,34.73075141906738,0.0,32.96669027777778,12.050545811631945,13.240869444444446,33.49903641493056,8.242858051215277,1138.0,3.0,477.0,83.0,243.0,104.0
Sample98,MINION_MK1D,60,969107220,0,10,6.0,1800.0,3600.0,178110971.0,157467311.0,13341451.0,73368.0,55939.0,17248.0,0.9218924670855,0.7624441173263549,2814.9825881764064,773.5071312615955,2427.638357321993,0.9590019134756163,178110971.0,157467311.0,200112064.0,177716442.0,11.9581242,16.291563,19.625,370.475708,402.213318,422.694672,34.56192283630371,0.0,33.03017217881945,12.175517469618056,14.287052582465279,34.919690190972226,5.587567578125,1138.0,3.0,477.0,83.0,243.0,104.0
Sample98,MINION_MK1D,120,969107220,0,10,6.0,1800.0,7200.0,377079699.0,317751672.0,31419783.0,138211.0,105371.0,32806.0,0.910016175291305,0.7623922842610212,3015.5514515378995,957.7450161555813,2728.2900709784317,0.9259884738584137,188539849.5,158875836.0,192780762.0,139891690.0,5.96722746,15.2355051,19.0182056,328.757812,382.194,413.865326,34.56214739481608,0.0,33.162047048611115,6.593276215277778,15.521872439236112,35.62084815538195,9.101956141493057,675.0,9.0,888.0,108.0,282.0,86.0
Sample99,MINION_MK1D,30,2917799016,0,10,6.0,1800.0,1800.0,217255078.0,251290716.0,17110089.0,632118.0,580345.0,53136.0,0.9362517224939023,0.9180959884072277,433.0022934633709,322.0055894308943,343.69386412030667,1.235417866734512,434510156.0,502581432.0,,,11.0559664,14.3059664,18.5559654,482.658478,521.202942,558.966614,34.387627283732094,0.0,67.15134351128472,5.143503233506944,5.697693489583334,17.147163020833336,4.8602967447916665,1151.0,22.0,290.0,225.0,267.0,93.0
Sample99,MINION_MK1D,60,2917799016,0,10,6.0,1800.0,3600.0,467342919.0,540341822.0,33397964.0,1313502.0,1216570.0,102554.0,0.9417890046760675,0.9262033860626021,444.1518548049023,325.6622267293328,355.79916817789393,1.2276633766649623,467342919.0,540341822.0,500175682.0,578102212.0,11.375,14.624999,18.875,473.706482,510.839325,548.371033,33.94649314880371,0.0,74.92558342013889,4.8607116319444446,4.341405685763889,14.266490581597223,1.6058086805555556,1151.0,22.0,290.0,225.0,267.0,93.0
Sample99,MINION_MK1D,120,2917799016,0,10,6.0,1800.0,7200.0,925986489.0,1061648943.0,68717312.0,2557808.0,2363591.0,206205.0,0.9392079233646267,0.9240689684292175,449.167788758715,333.24755461797724,362.0234548488393,1.22071571068031,462993244.5,530824471.5,427355590.0,482074038.0,11.375,14.8731174,19.0561581,479.604706,518.014709,555.917908,33.944481404622394,0.0,63.967741753472225,6.328768598090278,4.655318967013889,20.873641970486112,4.1745287109375,1083.0,38.0,276.0,256.0,298.0,97.0
Sample100,MINION_MK1D,30,44898121,0,10,6.0,1800.0,1800.0,8855754.0,2610789.0,3005889.0,42836.0,5993.0,36383.0,0.46482796414535427,0.1399056868054907,435.6397463707659,82.61795343979331,206.73624988327575,0.6342405175211506,17711508.0,5221578.0,,,3.125,4.125,6.125,370.883972,396.798035,417.409485,34.938849767049156,0.0,32.784774414062504,6.2072245008680556,10.040463606770833,43.0493552734375,7.918182204861112,727.0,48.0,318.0,374.0,500.0,81.0
Sample100,MINION_MK1D,60,44898121,0,10,6.0,1800.0,3600.0,20066068.0,6397957.0,5952189.0,85141.0,14096.0,70652.0,0.5180470740993669,0.16556065820227622,453.884577185017,84.2465747607994,235.68043598266405,0.6154741427169488,20066068.0,6397957.0,22420628.0,7574336.0,3.20824862,4.29190493,6.125,362.171692,400.563293,418.702576,35.00308837890625,0.0,35.721918619791666,6.137856206597222,9.721965104166667,43.02316994357639,5.395090125868056,727.0,48.0,318.0,374.0,500.0,81.0
Sample100,MINION_MK1D,120,44898121,0,10,6.0,1800.0,7200.0,47044177.0,14196928.0,11809111.0,164768.0,30143.0,134102.0,0.5459088944687039,0.18294207613128763,470.9859005407557,88.06066277907861,285.5176794037677,0.5528003816497842,23522088.5,7098464.0,30337114.0,7989180.0,3.125,4.21675,6.125,370.648499,399.3461,418.231049,35.058964284261066,0.0,33.91812096354167,4.542335416666667,8.4784017578125,46.57145553385417,6.489686328125,611.0,60.0,326.0,390.0,582.0,79.0
Sample102,MINION_MK1D,30,182614278,0,10,6.0,1800.0,1800.0,27898128.0,26906438.0,2763768.0,37681.0,31931.0,5353.0,0.9068503939608643,0.8474032005520024,842.6431367636466,516.3026340369886,740.3765292853162,1.0635196024622153,55796256.0,53812876.0,,,12.5984688,15.6588259,18.6419125,376.869812,402.417419,422.536957,34.66368891398112,0.0,11.388268207465279,3.4029536458333336,2.4010042317708336,79.39465581597223,3.4131180989583334,248.0,7.0,233.0,180.0,1355.0,25.0
Sample102,MINION_MK1D,60,182614278,0,10,6.0,1800.0,3600.0,53659420.0,52075196.0,4926248.0,69232.0,60368.0,8796.0,0.9135767858793191,0.8719667205916339,862.6291412668963,560.0554797635289,775.066732146984,1.062282149154799,53659420.0,52075196.0,51522584.0,50337516.0,13.198246,15.781023,18.968977,367.536743,393.971069,413.80365,34.432960510253906,0.0,9.526993793402779,2.2969876953125,1.495534743923611,86.0205939670139,0.6598898003472222,248.0,7.0,233.0,180.0,1355.0,25.0
Sample102,MINION_MK1D,120,182614278,0,10,6.0,1800.0,7200.0,94286061.0,92208082.0,7772210.0,115449.0,102162.0,13588.0,0.9222625795091697,0.8849102200971858,902.5673146571132,571.9907271121577,816.6901488969155,1.0603931370088735,47143030.5,46104041.0,43234974.0,43002084.0,13.3958559,16.375,19.2458267,373.075195,398.096436,416.576019,34.43620236714681,0.0,7.885676519097222,1.6931241536458335,1.8321770616319446,86.27463205295139,2.314390212673611,125.0,11.0,211.0,360.0,1314.0,27.0
Sample103,MINION_MK1D,30,38282094,0,10,6.0,1800.0,1800.0,6688217.0,1918142.0,3163947.0,19379.0,1039.0,18047.0,0.37743180019082706,0.05361473760255947,1846.1424446583253,175.31706100736966,345.1270447391506,0.7598570740153916,13376434.0,3836284.0,,,3.125,3.875,4.875,350.071136,392.322449,417.617828,34.927603276570636,0.0,8.015124913194445,2.932453732638889,4.764732747395834,79.82131106770834,4.4663775390625,189.0,59.0,368.0,269.0,1080.0,83.0
Sample103,MINION_MK1D,60,38282094,0,10,6.0,1800.0,3600.0,13790210.0,4337600.0,6378714.0,34809.0,2174.0,32536.0,0.40476604175652187,0.06245511218363067,1995.216191352346,196.050958937792,396.16794507167685,0.7770957802673055,13790210.0,4337600.0,14203986.0,4838916.0,3.125,3.875,4.875,356.885803,399.757263,427.159546,34.98849665323893,0.0,7.316446701388889,3.093645659722222,3.355946853298611,84.61708309461805,1.6168776909722222,189.0,59.0,368.0,269.0,1080.0,83.0
Sample103,MINION_MK1D,120,38282094,0,10,6.0,1800.0,7200.0,26305982.0,10495018.0,10826192.0,57823.0,5157.0,52441.0,0.4922336959300152,0.0891859640627432,2035.1014155516773,206.44518601857325,454.9397644535911,0.8105080433796389,13152991.0,5247509.0,12457632.0,7897754.0,2.95941281,3.80429626,5.125,369.5112,401.458557,424.820221,35.04313977559408,0.0,8.254625954861112,3.0181222005208337,3.9491501085069447,81.19138055555555,3.5867211805555557,168.0,63.0,375.0,281.0,1068.0,93.0
Sample104,MINION_MK1D,30,358195748,0,10,6.0,1800.0,1800.0,35794769.0,32763520.0,2263806.0,10558.0,8382.0,2030.0,0.935370287757621,0.7939003599166509,3908.795036984013,1115.175369458128,3390.2982572456904,0.9785599119245608,71589538.0,65527040.0,,,10.7471342,16.700386,19.8180332,369.65741,401.112457,422.109924,34.938852055867514,0.0,13.336839366319445,2.2189282552083336,2.801558224826389,78.42267428385416,3.2199998697916667,204.0,32.0,299.0,524.0,927.0,62.0
Sample104,MINION_MK1D,60,358195748,0,10,6.0,1800.0,3600.0,70671986.0,64558199.0,4479785.0,20067.0,16310.0,3586.0,0.9351113004690288,0.8127771963920866,3958.1973635806253,1249.2428890128276,3521.801265759705,0.9768790705839228,70671986.0,64558199.0,69754434.0,63589358.0,10.8740273,17.2181282,20.2073517,365.798462,396.532,416.777771,34.93864911397298,0.0,12.003357009548612,1.8022807725694445,2.418461935763889,82.81950275607639,0.9563975260416667,204.0,32.0,299.0,524.0,927.0,62.0
Sample104,MINION_MK1D,120,358195748,0,10,6.0,1800.0,7200.0,139277080.0,128978937.0,8137114.0,40657.0,33594.0,6895.0,0.9406552774773247,0.8262783776471456,3839.344436506519,1180.1470630891952,3425.660525862705,0.9844839581645451,69638540.0,64489468.5,77251804.0,74515248.0,10.9936132,17.5169029,19.93293,371.721832,399.727264,419.265594,34.93890622456868,0.0,13.811516861979168,2.0173462673611113,2.241503754340278,79.2112627170139,2.718370399305556,190.0,12.0,289.0,571.0,921.0,65.0
Sample105,MINION_MK1D,30,6245384,0,10,6.0,1800.0,1800.0,1165794.0,428375.0,297707.0,4136.0,725.0,2902.0,0.5899815723292962,0.1752901353965184,590.8620689655172,102.5868366643694,281.86508704061896,0.6228218707593279,2331588.0,856750.0,,,2.78603435,3.9653585,5.625,344.260742,381.526306,406.307617,34.938971455891924,0.0,6.011840104166667,3.0004405164930557,3.3201966362847224,83.99977322048612,3.6677495225694448,122.0,69.0,380.0,341.0,988.0,148.0
Sample105,MINION_MK1D,60,6245384,0,10,6.0,1800.0,3600.0,2212050.0,893415.0,597143.0,8264.0,1555.0,6326.0,0.5993829156597731,0.1881655372700871,574.5434083601286,94.39503635788807,267.67303969022265,0.6738355823783369,2212050.0,893415.0,2092512.0,930080.0,2.875,3.875,5.70034599,351.167755,382.518524,413.588959,34.93897298177083,0.0,4.867862348090278,2.354171896701389,2.9100405815972223,88.46078368055556,1.4071414930555557,122.0,69.0,380.0,341.0,988.0,148.0
Sample105,MINION_MK1D,120,6245384,0,10,6.0,1800.0,7200.0,4499033.0,1883925.0,1138492.0,14554.0,3045.0,10962.0,0.6233173648771827,0.20922083276075307,618.6945812807882,103.85805509943441,309.12690669231824,0.6717925829839434,2249516.5,941962.5,2014470.0,1108322.0,2.875,3.96923733,5.72720337,342.937897,368.705963,402.025482,34.938458887736004,0.0,4.026084657118056,3.7673459201388892,2.9765628038194447,86.148745703125,3.081260915798611,105.0,36.0,396.0,352.0,1025.0,134.0
Sample106,MINION_MK1D,30,313684995,0,10,6.0,1800.0,1800.0,12949990.0,4139629.0,4369302.0,56664.0,2427.0,53555.0,0.48650400385195275,0.04283142736128759,1705.6567779151214,81.58532349920642,228.539990117182,0.6570608162631786,25899980.0,8279258.0,,,3.125,4.125,5.875,381.179504,406.465576,421.504456,34.924612808227536,0.0,48.341992730034725,4.103523307291667,12.652547070312501,25.37186881510417,9.530068077256946,1230.0,10.0,258.0,179.0,236.0,135.0
Sample106,MINION_MK1D,60,313684995,0,10,6.0,1800.0,3600.0,33703581.0,14081960.0,8691180.0,111322.0,6687.0,104038.0,0.6183582940253298,0.06006898905876646,2105.8710931658443,83.53851477344816,302.75759508452956,0.6756890313821549,33703581.0,14081960.0,41507182.0,19884662.0,2.875,3.875,5.875,375.279022,397.653442,413.798584,34.60885823567708,0.0,48.37743880208333,4.3604534288194445,13.87203752170139,26.145899348958334,7.2441708984375,1230.0,10.0,258.0,179.0,236.0,135.0
Sample106,MINION_MK1D,120,313684995,0,10,6.0,1800.0,7200.0,95437687.0,53523533.0,17494534.0,208502.0,21722.0,186360.0,0.7536607973292204,0.10418125485606852,2464.0241690452076,93.87494097445804,457.7303191336294,0.7441302197527063,47718843.5,26761766.5,72903570.0,46302586.0,2.875,4.125,6.05976439,377.77,397.864197,413.241669,34.56384061177572,0.0,46.14747105034722,5.497111566840278,12.046793923611112,27.43894105902778,8.86968240017361,997.0,16.0,328.0,179.0,385.0,143.0
Sample107,MINION_MK1D,30,1958868134,0,10,6.0,1800.0,1800.0,198146408.0,198661685.0,13149599.0,130205.0,118014.0,14176.0,0.9379183263909585,0.9063707230905111,1683.3738793702441,927.5958662528217,1521.803371606313,1.0689635312490753,396292816.0,397323370.0,,,14.9087362,19.1860695,22.4971409,375.948303,397.268433,415.397614,34.98748410542806,0.0,66.4944691623264,1.4206613932291667,3.360629318576389,24.822872656250002,3.9013674696180556,911.0,37.0,357.0,181.0,428.0,134.0
Sample107,MINION_MK1D,60,1958868134,0,10,6.0,1800.0,3600.0,430788962.0,432941386.0,28319984.0,275084.0,253103.0,27173.0,0.938603174161322,0.9200934987131204,1710.534391137205,1042.2104294704302,1566.026966308473,1.0707362785214538,430788962.0,432941386.0,465285108.0,468559402.0,15.2074833,19.2922325,22.3749981,377.075592,398.23111,416.012085,35.044154103597,0.0,73.95415700954861,1.0323431640625,2.1653340711805558,22.009535720486113,0.8386300347222223,911.0,37.0,357.0,181.0,428.0,134.0
Sample107,MINION_MK1D,120,1958868134,0,10,6.0,1800.0,7200.0,871537289.0,874416426.0,57855242.0,544888.0,504718.0,51029.0,0.9379416494291661,0.9262784278604044,1732.4851223851736,1133.771816026181,1599.479689404061,1.0696864950777798,435768644.5,437208213.0,417140922.0,413132666.0,15.9978418,19.4978409,22.9978409,380.142517,402.33728,419.908539,35.04535204569499,0.0,66.33203001302084,1.2991476562500002,2.8276715494791667,25.649238064236112,3.891912717013889,919.0,49.0,344.0,186.0,440.0,110.0
Sample109,MINION_MK1D,30,6038680,0,10,6.0,1800.0,1800.0,1182412.0,383096.0,285766.0,1391.0,215.0,1034.0,0.5727579082082702,0.15456506110711718,1781.8418604651163,276.3694390715667,850.0445722501797,0.5656759234513858,2364824.0,766192.0,,,2.44517231,3.28939342,5.14043427,355.795563,390.933197,413.9487,34.92619374593099,0.0,3.3823048394097226,3.1902438802083335,1.9724847439236113,88.82730950520833,2.62765703125,82.0,18.0,333.0,535.0,1049.0,31.0
Sample109,MINION_MK1D,60,6038680,0,10,6.0,1800.0,3600.0,2915222.0,940842.0,499158.0,2478.0,531.0,1844.0,0.6533625,0.21428571428571427,1771.8305084745762,270.6930585683297,1176.4414850686037,0.4939589506390937,2915222.0,940842.0,3465620.0,1115492.0,2.71834254,3.8012104,5.52257919,364.619415,384.645905,414.004059,34.924425252278645,0.0,2.478813042534722,2.556154296875,1.2929544921875,93.17425555555556,0.49782261284722223,82.0,18.0,333.0,535.0,1049.0,31.0
Sample109,MINION_MK1D,120,6038680,0,10,6.0,1800.0,7200.0,5031657.0,2222437.0,849501.0,4417.0,1240.0,2988.0,0.7234641454352269,0.28073352954494,1792.2879032258065,284.3042168674699,1139.157120217342,0.6105221401220313,2515828.5,1111218.5,2983134.0,1744006.0,2.96286368,4.05072737,6.28292513,375.516937,402.416412,422.912964,34.92729174296061,0.0,2.8262412109375,3.5830345703125004,2.0699078559027777,89.39583823784723,2.124978125,80.0,6.0,293.0,617.0,1016.0,36.0
Sample110,MINION_MK1D,30,37201660,0,10,6.0,1800.0,1800.0,6217940.0,2315458.0,2201799.0,28558.0,2475.0,25822.0,0.5125805328322033,0.08666573289446039,935.5385858585859,85.26833707691117,217.7302332096085,0.7264877113642139,12435880.0,4630916.0,,,3.125,4.03142929,5.875,379.333282,405.238464,428.324341,34.93818244934082,0.0,24.518629796006945,2.2638415364583335,6.205483702256945,61.223171419270834,5.788873546006945,480.0,33.0,293.0,136.0,1061.0,45.0
Sample110,MINION_MK1D,60,37201660,0,10,6.0,1800.0,3600.0,13765870.0,5255811.0,4385584.0,54965.0,5240.0,49169.0,0.5451297244848904,0.09533339397798599,1003.0173664122137,89.19408570440724,250.44792140453015,0.7003839931657062,13765870.0,5255811.0,15095860.0,5880706.0,3.125,4.125,5.875,355.45,391.522827,418.771576,34.709080123901366,0.0,24.065221440972223,2.314709375,6.562813693576389,63.57507684461806,3.4821786458333337,480.0,33.0,293.0,136.0,1061.0,45.0
Sample110,MINION_MK1D,120,37201660,0,10,6.0,1800.0,7200.0,26784337.0,12014619.0,7675835.0,93448.0,10932.0,81937.0,0.6101748085645968,0.11698484718774077,1099.0321075740944,93.67971734381292,286.6229025768342,0.7351480830008972,13392168.5,6007309.5,11323852.0,6558398.0,3.125,4.125,6.04902506,377.15155,403.417236,421.914551,34.910387929280596,0.0,18.793114236111112,3.7780145399305556,6.5692654296875,65.63255436197917,5.227051432291667,402.0,27.0,332.0,153.0,1088.0,46.0
Sample111,MINION_MK1D,30,232505793,0,10,6.0,1800.0,1800.0,23303652.0,21712476.0,1797957.0,12808.0,8454.0,4186.0,0.9235251430715887,0.660056214865709,2568.30801987225,429.51672240802674,1819.4606495940038,1.008873330240256,46607304.0,43424952.0,,,2.41491795,13.6986599,19.4568691,366.759186,395.600067,417.821838,35.06724561055501,0.0,15.17044357638889,7.285785655381945,3.5576913411458335,70.34697180989583,3.6391076171875003,291.0,11.0,175.0,557.0,939.0,75.0
Sample111,MINION_MK1D,60,232505793,0,10,6.0,1800.0,3600.0,52319614.0,48307191.0,3830756.0,27135.0,18523.0,8309.0,0.9265265277898265,0.6826239174497881,2607.9571883604167,461.03694788783247,1928.1228671457527,0.9965277457895618,52319614.0,48307191.0,58031924.0,53189430.0,2.54424119,16.4648952,19.625,369.522278,397.174103,418.112976,35.17966423034668,0.0,15.376540711805557,6.748501627604167,2.8402324001736114,73.62808328993056,1.4066419704861113,291.0,11.0,175.0,557.0,939.0,75.0
Sample111,MINION_MK1D,120,232505793,0,10,6.0,1800.0,7200.0,103120581.0,95527270.0,7545076.0,53108.0,37153.0,15568.0,0.926798251007113,0.6995744520599533,2571.1859069254165,484.65287769784175,1941.7146380959555,0.9995322466230092,51560290.5,47763635.0,48342134.0,46853542.0,2.625,17.0570621,20.0570621,370.258514,400.133209,422.131714,35.178792063395186,0.0,12.141694509548612,6.565120529513889,2.816863454861111,75.53251553819445,2.9438059678819446,222.0,36.0,175.0,597.0,939.0,79.0
Sample112,MINION_MK1D,30,174237759,0,10,6.0,1800.0,1800.0,16464930.0,4720011.0,6727084.0,78383.0,3105.0,74875.0,0.4123326485890088,0.03961318142964673,1520.1323671497585,89.8441936560935,210.05741040786904,0.695241036554665,32929860.0,9440022.0,,,3.375,4.28453922,6.125,362.326202,396.351593,415.702881,34.926798756917314,0.0,42.75639073350695,3.2159983072916667,14.399185134548611,28.542369292534723,11.086056532118056,1145.0,5.0,201.0,47.0,408.0,242.0
Sample112,MINION_MK1D,60,174237759,0,10,6.0,1800.0,3600.0,37169578.0,12508492.0,13702061.0,158384.0,7410.0,150363.0,0.4772311366341641,0.04678502879078695,1688.0556005398112,91.12654708937704,234.68013183149813,0.7051614360539686,37169578.0,12508492.0,41409296.0,15576962.0,3.375,4.20506239,6.125,370.949677,396.866425,412.791046,34.925069427490236,0.0,46.36457200520834,3.0553038411458333,14.518500434027779,27.730818706597223,8.330805013020834,1145.0,5.0,201.0,47.0,408.0,242.0
Sample112,MINION_MK1D,120,174237759,0,10,6.0,1800.0,7200.0,84080525.0,34064197.0,25693487.0,287439.0,17662.0,269412.0,0.5700387752644497,0.06144608073365131,1928.6715547503113,95.36875491811797,292.51606427798595,0.710719682114259,42040262.5,17032098.5,46695604.0,22678270.0,3.375,4.125,6.125,369.998901,397.497742,414.644318,35.01806666056315,0.0,42.12221228298611,3.7167904296875003,12.154469618055556,32.45060570746528,9.555921961805556,956.0,8.0,273.0,53.0,496.0,262.0
Sample113,MINION_MK1D,30,1286526904,0,10,6.0,1800.0,1800.0,69830670.0,60870683.0,6942664.0,173178.0,131753.0,41442.0,0.8976209801294721,0.7607952511288962,462.0060491981207,167.52724289368274,403.23060665904444,0.9711112180364301,139661340.0,121741366.0,,,4.0175271,17.9384575,22.8180237,370.565826,397.07666,419.880524,35.00430501302083,0.0,56.45589442274306,6.510559874131944,11.046214561631945,18.076669422743056,7.91066171875,1394.0,0.0,192.0,159.0,183.0,120.0
Sample113,MINION_MK1D,60,1286526904,0,10,6.0,1800.0,3600.0,169881936.0,150155892.0,15800659.0,403870.0,320786.0,84233.0,0.9047903869730337,0.7942803377324387,468.0874227678265,187.5827644747308,420.63519449327754,0.9768934526387785,169881936.0,150155892.0,200102532.0,178570418.0,10.9005308,18.4693146,22.875,371.854279,398.025726,420.37442,35.12525456746419,0.0,60.396280620659724,7.485432118055556,11.757439908854167,14.951510481770834,5.409336870659723,1394.0,0.0,192.0,159.0,183.0,120.0
Sample113,MINION_MK1D,120,1286526904,0,10,6.0,1800.0,7200.0,395011928.0,349399742.0,33454533.0,892432.0,738207.0,157582.0,0.912618102540451,0.8271857127489826,473.30862752588365,212.29920295465217,442.62411926062714,0.9692220610614067,197505964.0,174699871.0,224056552.0,193413916.0,13.625001,18.4927769,22.8750019,372.388641,398.740295,420.94397,35.18109003702799,0.0,54.97343268229167,8.017908463541668,9.712767686631945,20.189976345486112,7.105914822048612,1191.0,12.0,274.0,152.0,298.0,121.0
Sample114,MINION_MK1D,30,146883718,0,10,6.0,1800.0,1800.0,12445293.0,5739766.0,2307964.0,23462.0,5713.0,17352.0,0.7132155278569237,0.24350012786633707,1004.6851041484334,133.00852927616413,530.4446764981673,0.6466484959413973,24890586.0,11479532.0,,,3.22496033,4.66968536,6.47496033,350.265411,385.612152,408.949,35.06285031636556,0.0,40.865916775173616,13.264860894097223,8.497356336805556,31.641564388020836,5.7303016059027785,876.0,32.0,471.0,243.0,250.0,176.0
Sample114,MINION_MK1D,60,146883718,0,10,6.0,1800.0,3600.0,33788767.0,17674365.0,5160436.0,54089.0,15907.0,37676.0,0.7740100296910842,0.2940893712215053,1111.1061168039228,136.96878649538166,624.6883284956276,0.6758104253996602,33788767.0,17674365.0,42686948.0,23869198.0,3.45722985,4.79059601,6.79163408,369.988342,400.048248,420.850311,35.62283070882162,0.0,41.914359353298615,15.215256228298612,7.953582248263889,32.0428529296875,2.873949240451389,876.0,32.0,471.0,243.0,250.0,176.0
Sample114,MINION_MK1D,120,146883718,0,10,6.0,1800.0,7200.0,79390358.0,42536724.0,10018492.0,107907.0,36940.0,70577.0,0.8093720706998901,0.34233182277331403,1151.5085002707092,141.95123057086587,735.7294522134802,0.6619848722687458,39695179.0,21268362.0,46069242.0,23834696.0,3.28272581,4.69200087,6.875,368.685791,400.180145,419.477203,35.49877827962239,0.0,31.3307646484375,13.684476323784724,7.096924609375001,42.51003854166667,5.377795876736111,668.0,63.0,561.0,242.0,317.0,197.0
Sample115,MINION_MK1D,30,2209978,0,10,6.0,1800.0,1800.0,378951.0,234230.0,72702.0,1049.0,371.0,648.0,0.7631332021424941,0.3536701620591039,631.3477088948787,112.19444444444444,361.24976167778834,0.809951682407488,757902.0,468460.0,,,2.58392692,3.8322649,6.16607332,341.060242,377.111,407.598022,34.92716293334961,0.0,2.879370724826389,2.510811935763889,0.9955235460069445,91.22871087239584,2.3855829210069444,64.0,10.0,185.0,398.0,1343.0,48.0
Sample115,MINION_MK1D,60,2209978,0,10,6.0,1800.0,3600.0,794899.0,442733.0,188746.0,2198.0,739.0,1436.0,0.7011048665117922,0.3362147406733394,599.0974289580514,131.43871866295265,361.64649681528664,0.7944141331162827,794899.0,442733.0,831896.0,417006.0,2.62826943,3.70368361,6.03607225,342.900574,373.866821,405.924103,34.92656237284343,0.0,2.2839779296875,2.0286143012152777,0.9367370442708334,94.31555034722223,0.43512037760416666,64.0,10.0,185.0,398.0,1343.0,48.0
Sample115,MINION_MK1D,120,2209978,0,10,6.0,1800.0,7200.0,1790460.0,960370.0,382626.0,4125.0,1516.0,2601.0,0.7150952050490098,0.3675151515151515,633.4894459102902,147.10726643598616,434.0509090909091,0.7500843358689946,895230.0,480185.0,1002438.0,567906.0,2.55010772,4.25592661,14.1233835,352.960022,378.597443,407.059418,34.926923497517905,0.0,1.7470025173611112,1.6871035590277779,1.171107248263889,93.33932942708334,2.055457248263889,39.0,5.0,177.0,448.0,1333.0,46.0
Sample117,MINION_MK1D,30,125940113,0,10,6.0,600.0,1800.0,32614888.0,26219671.0,3970569.0,68585.0,40921.0,27142.0,0.8684817013710391,0.5966464970474593,640.7387649373183,146.28874069707464,475.5396661077495,0.9256582454000762,65229776.0,52439342.0,69485454.0,56802684.0,5.625,9.375,16.125,368.552521,397.267487,417.001251,35.93564567565918,0.0,16.538606770833333,12.473214192708333,7.326092447916667,61.310657421875,2.3514291666666667,485.0,94.0,581.0,248.0,442.0,198.0
Sample117,MINION_MK1D,60,125940113,0,10,6.0,600.0,3600.0,64630626.0,52337532.0,7457126.0,124050.0,74007.0,49653.0,0.8752877556386391,0.596590084643289,707.1970489278041,150.1848025295551,521.0046432889964,0.9251752876414968,64630626.0,52337532.0,58694388.0,48853692.0,5.625,9.625,15.875,362.38623,393.615295,413.126953,35.93848075866699,0.0,12.417806705729168,9.248356315104168,5.495984700520833,71.00037154947917,1.8374807291666668,485.0,94.0,581.0,248.0,442.0,198.0
Sample117,MINION_MK1D,120,125940113,0,10,6.0,600.0,7200.0,123450870.0,99198864.0,14062667.0,228402.0,136944.0,90974.0,0.8758389819046327,0.5995744345496099,724.3753943217665,154.57896761712138,540.4982005411512,0.9174623961742837,61725435.0,49599432.0,64738398.0,54278724.0,5.375,9.875,16.625,367.20993,398.383301,419.718597,35.940011215209964,0.0,13.794405013020834,10.798292838541666,5.720582356770834,67.90974251302083,1.7769772786458333,357.0,39.0,669.0,274.0,525.0,184.0
Sample118,MINION_MK1D,30,544491266,0,10,6.0,1800.0,1800.0,55518997.0,51077703.0,4861480.0,107236.0,97681.0,11704.0,0.9130934751049189,0.9108974598082733,522.9031541446136,415.3691045796309,517.7272277966355,1.0075683283687564,111037994.0,102155406.0,,,11.9053507,16.3169,21.6906,362.719,393.585297,420.655701,35.135743077596025,0.0,18.98502150607639,3.834746788194445,2.8982046875000003,70.96930629340278,3.3127207248263892,249.0,115.0,609.0,261.0,672.0,142.0
Sample118,MINION_MK1D,60,544491266,0,10,6.0,1800.0,3600.0,110516777.0,101826958.0,9293795.0,212156.0,193983.0,22849.0,0.9163631027590319,0.914341333735553,524.9272255816231,406.7484353801042,520.9222317539924,1.0054650164110377,110516777.0,101826958.0,109995560.0,101498510.0,11.875,16.4580231,21.6323528,364.078247,395.443207,421.943512,35.30076675415039,0.0,17.860270355902777,3.1669306640625003,2.141989930555556,76.08640889756944,0.7444001519097223,249.0,115.0,609.0,261.0,672.0,142.0
Sample118,MINION_MK1D,120,544491266,0,10,6.0,1800.0,7200.0,216502565.0,198117673.0,19319718.0,427830.0,387761.0,49387.0,0.9111481336712691,0.9063436411658836,510.9272799482155,391.19035373681334,506.0481149054531,1.0043178518462357,108251282.5,99058836.5,113883278.0,102249352.0,12.0047455,17.0047455,22.0648746,369.35321,398.75293,424.294861,35.30029462178548,0.0,18.916943728298612,4.780112152777778,3.4671901692708333,69.83825811631945,2.9974958333333337,265.0,78.0,627.0,280.0,659.0,139.0
Sample119,MINION_MK1D,30,572656943,0,10,3.0,600.0,1800.0,56273890.0,49764469.0,3156307.0,42883.0,34717.0,8020.0,0.9403578851527045,0.8095748898164774,1433.4322954172308,393.55448877805486,1312.2656996945177,0.9404143911146003,112547780.0,99528938.0,148601778.0,135179424.0,12.125,18.625,22.375,371.124176,396.958496,415.383301,35.800546646118164,0.0,51.64628040364583,11.557945638020835,8.714681966145834,23.630249609375,4.4508423828125006,1258.0,1.0,160.0,32.0,420.0,177.0
Sample119,MINION_MK1D,60,572656943,0,10,3.0,600.0,3600.0,149273780.0,131390781.0,8208983.0,101751.0,84147.0,17281.0,0.9411962974378667,0.8269894153374414,1561.4434382687439,475.0293964469649,1467.04975872473,0.9351927980922035,149273780.0,131390781.0,209008998.0,174494550.0,12.625,19.125,22.375,374.383789,398.992554,418.140045,35.93206634521484,0.0,54.94044596354167,9.841336653645834,7.984904947916667,23.25752350260417,3.975788932291667,1258.0,1.0,160.0,32.0,420.0,177.0
Sample119,MINION_MK1D,120,572656943,0,10,3.0,600.0,7200.0,379487476.0,330773516.0,19769108.0,226378.0,191089.0,34949.0,0.9436042676510574,0.8441147107934517,1730.9919252285583,565.6558985950957,1676.3443267455318,0.9237264631099447,189743738.0,165386758.0,247991778.0,237797736.0,13.625,19.375,22.625,376.579712,400.817902,418.564453,35.92988166809082,0.0,58.3287462890625,9.1779125,7.255090364583333,21.7371669921875,3.5010838541666667,1180.0,6.0,215.0,33.0,440.0,174.0
Sample121,MINION_MK1D,30,576304165,0,10,3.0,600.0,1800.0,37787946.0,34289691.0,1576591.0,15016.0,12747.0,2161.0,0.95604253041896,0.8488945125199787,2690.020475405978,729.5654789449329,2516.5121204049015,0.9491461113022656,75575892.0,68579382.0,105504582.0,94327050.0,13.625,18.125,20.875,358.700104,382.105408,398.84436,35.93648452758789,0.0,36.95346145833334,15.589547721354167,5.822528450520833,39.053959700520835,2.5805026692708335,897.0,17.0,204.0,96.0,525.0,309.0
Sample121,MINION_MK1D,60,576304165,0,10,3.0,600.0,3600.0,119850690.0,107151249.0,5182991.0,41154.0,35820.0,5176.0,0.9538609866412948,0.870389269572824,2991.380485762144,1001.350656877898,2912.248870097682,0.9372848833828157,119850690.0,107151249.0,172902906.0,162384588.0,15.125,18.875,21.125,356.824829,380.65802,397.747192,35.9364631652832,0.0,41.45040260416667,11.002647395833334,4.370790494791667,41.2882861328125,1.8878733723958334,897.0,17.0,204.0,96.0,525.0,309.0
Sample121,MINION_MK1D,120,576304165,0,10,3.0,600.0,7200.0,337655726.0,309654328.0,12677744.0,100324.0,90213.0,9823.0,0.9606686858017653,0.8992165384155336,3432.4801081883984,1290.6183447012115,3365.652545751764,0.9546175206873287,168827863.0,154827164.0,272447802.0,262104876.0,15.625,18.625,21.125,357.11557,380.200378,397.025421,35.93710136413574,0.0,52.60525696614584,9.861262044270834,4.539254361979167,31.191389973958334,1.8028366536458333,878.0,17.0,251.0,100.0,563.0,239.0
Sample122,MINION_MK1D,30,915357378,0,10,3.0,600.0,1800.0,134395215.0,133138173.0,7594062.0,63658.0,57945.0,5093.0,0.9460389298869587,0.9102547990825977,2297.664561221848,1491.0783428234831,2111.2069967639572,1.0471521251705278,268790430.0,266276346.0,322308582.0,318934560.0,14.375,18.375,21.125,375.138611,400.669098,420.171021,35.1863037109375,0.0,57.329757617187504,13.7068064453125,8.1268103515625,17.313836914062502,3.5227886718750003,1223.0,1.0,135.0,36.0,417.0,236.0
Sample122,MINION_MK1D,60,915357378,0,10,3.0,600.0,3600.0,292231278.0,288437879.0,18311559.0,137137.0,125342.0,11326.0,0.9403045067681591,0.9139911183706804,2301.206929839958,1616.7719406674908,2130.94407781999,1.049680376787046,292231278.0,288437879.0,312596436.0,305121078.0,14.125,18.375,21.125,375.176666,400.23584,419.637054,35.1868392944336,0.0,55.956169140625,13.6453931640625,7.9843580078125,19.193175911458333,3.2209037760416668,1223.0,1.0,135.0,36.0,417.0,236.0
Sample122,MINION_MK1D,120,915357378,0,10,3.0,600.0,7200.0,602093567.0,587442153.0,39052589.0,281495.0,257762.0,23206.0,0.9376649373379737,0.9156894438622356,2279.0099122446286,1682.8660260277513,2138.9138954510736,1.0405272142693396,301046783.5,293721076.5,337305120.0,333180078.0,14.625,18.125,21.375,377.980682,402.608856,421.821167,35.18772811889649,0.0,58.05078287760417,12.295800585937501,7.2319134765625,19.386480598958336,3.0350224609375003,1059.0,9.0,222.0,43.0,448.0,267.0
Sample124,MINION_MK1D,30,130687184,0,10,3.0,600.0,1800.0,13891952.0,12901207.0,804359.0,7962.0,7140.0,757.0,0.9413115080398723,0.8967596081386586,1806.8917366946778,1062.5614266842801,1744.7817131374027,0.9865831670020168,27783904.0,25802414.0,33754098.0,31585284.0,14.375,18.125,20.625,369.323,399.65152,420.674866,35.43598937988281,0.0,10.108137239583334,14.41493671875,2.4783962890625,71.85368066406251,1.1448490885416667,677.0,4.0,127.0,80.0,135.0,1025.0
Sample124,MINION_MK1D,60,130687184,0,10,3.0,600.0,3600.0,28531652.0,26187439.0,2038588.0,15839.0,14102.0,1719.0,0.9277763037638985,0.8903339857314224,1857.0017727981847,1185.91506689936,1801.3543784329818,0.9892882122633488,28531652.0,26187439.0,28865436.0,24811998.0,13.875,17.625,20.625,366.303192,393.498657,416.383179,35.4397533416748,0.0,7.824416015625,8.996160286458334,1.6069176432291667,80.84666979166667,0.7258362630208334,677.0,4.0,127.0,80.0,135.0,1025.0
Sample124,MINION_MK1D,120,130687184,0,10,3.0,600.0,7200.0,79079945.0,70599107.0,5775600.0,42273.0,37568.0,4612.0,0.924378105961179,0.8886996427980035,1879.2351735519592,1252.2983521248916,1870.6963073356517,0.9657910991212754,39539972.5,35299553.5,80385372.0,73383660.0,13.625,17.375,20.625,367.787048,395.109619,416.518829,35.43668479919434,0.0,19.630123567708335,14.159366471354167,3.788742838541667,60.79553899739584,1.6262281250000001,712.0,31.0,131.0,82.0,177.0,915.0
Sample125,MINION_MK1D,30,1028171613,0,10,12.0,1800.0,1800.0,26611368.0,20705868.0,3822972.0,71809.0,41657.0,29836.0,0.8441437915531268,0.5801083429653665,497.0561490265742,128.13285963265852,370.5854140845855,0.9217429182896573,53222736.0,41411736.0,,,3.125,4.27816343,16.845047,374.252777,402.647,426.478943,34.73052800496419,0.0,47.32566165364584,13.36594008246528,11.796793901909723,18.847080794270834,8.664523567708335,1324.0,4.0,265.0,84.0,256.0,115.0
Sample125,MINION_MK1D,60,1028171613,0,10,12.0,1800.0,3600.0,65669157.0,51317090.0,8181697.0,160486.0,100696.0,59569.0,0.8624896840333904,0.6274441384295203,509.6239175339636,137.34823482012456,409.18931869446556,0.9060385380004193,65669157.0,51317090.0,78115578.0,61222444.0,3.375,4.45855713,21.7130508,370.161652,398.599731,420.437469,34.56223119099935,0.0,48.235299934895835,15.188395160590279,12.909227625868056,17.298941883680556,6.368135394965278,1324.0,4.0,265.0,84.0,256.0,115.0
Sample125,MINION_MK1D,120,1028171613,0,10,12.0,1800.0,7200.0,155124924.0,122087213.0,16121921.0,342588.0,232627.0,110020.0,0.8833512624426111,0.6790284540030591,524.8196168114621,146.53627522268678,452.80314546919334,0.8909537580176349,77562462.0,61043606.5,89291486.0,71237028.0,3.56548429,17.9048729,22.2817097,370.472595,398.14679,420.377,34.563882446289064,0.0,43.215512174479166,13.7261525390625,10.8993818359375,21.72240004340278,10.436553407118057,1093.0,16.0,340.0,89.0,392.0,118.0
Sample126,MINION_MK1D,30,805856191,0,10,3.0,600.0,1800.0,122939682.0,120283727.0,5969721.0,33882.0,28667.0,5031.0,0.9527163725461185,0.8460834661472169,4195.895175637493,1186.587358378056,3628.4659111032406,1.026954405169195,245879364.0,240567454.0,292507554.0,282623556.0,13.125,19.125,21.875,374.748169,400.425812,419.045776,34.81170082092285,0.0,57.080001171875004,18.052054427083334,7.176330729166667,13.810706640625,3.88090703125,1158.0,56.0,227.0,88.0,423.0,96.0
Sample126,MINION_MK1D,60,805856191,0,10,3.0,600.0,3600.0,264510527.0,257395397.0,13465077.0,73697.0,62855.0,10590.0,0.9502877743616442,0.8528841065443641,4095.0663749900564,1271.4898016997167,3589.1627474659754,1.0240064056127338,264510527.0,257395397.0,285762600.0,277936470.0,13.125,19.375,21.875,372.491028,399.66806,419.724518,34.81415977478027,0.0,55.7612275390625,16.895423567708335,7.551616015625,15.962393359375001,3.8293395182291667,1158.0,56.0,227.0,88.0,423.0,96.0
Sample126,MINION_MK1D,120,805856191,0,10,3.0,600.0,7200.0,540483104.0,522406025.0,23834221.0,153901.0,133233.0,20220.0,0.9563667796825063,0.8657058758552576,3920.995736791936,1178.7448565776458,3511.8881878610277,1.0106518445394364,270241552.0,261203012.5,276681834.0,277738344.0,12.625,18.875,21.625,373.968201,401.438599,420.568359,34.814575576782225,0.0,52.84891015625,17.728052083333335,8.000771549479166,17.248859895833334,4.173406315104167,1091.0,36.0,277.0,93.0,463.0,88.0
Sample127,MINION_MK1D,30,6310600754,0,10,12.0,1800.0,1800.0,228005279.0,227373841.0,12388897.0,291976.0,273769.0,21391.0,0.9483285138327041,0.9376421349699975,830.5317293046328,579.1639942031695,780.9041804805875,1.0515666086836524,456010558.0,454747682.0,,,13.1518402,18.6250019,22.7170181,377.817688,400.065796,418.468872,34.82012761433919,0.0,77.31016655815972,3.1583497612847222,5.3991877170138896,8.741085004340277,5.3912109592013895,1720.0,1.0,96.0,21.0,112.0,98.0
Sample127,MINION_MK1D,60,6310600754,0,10,12.0,1800.0,3600.0,495582760.0,495589921.0,25471644.0,610854.0,577043.0,42823.0,0.951115864782696,0.9446496216771929,858.8440046928912,594.8122270742358,811.2949411807076,1.0514118065769682,495582760.0,495589921.0,535154962.0,536432160.0,13.5418758,18.625,22.7906055,377.538574,399.321259,416.967773,34.80181605021159,0.0,85.04739186197916,3.228162912326389,5.066620399305556,4.558760438368056,2.0990643880208335,1720.0,1.0,96.0,21.0,112.0,98.0
Sample127,MINION_MK1D,120,6310600754,0,10,12.0,1800.0,7200.0,1005102210.0,1016273898.0,44405351.0,1213358.0,1159341.0,73627.0,0.9581349865740609,0.9554813995539652,876.5961852466186,603.1123229250139,828.3641019385869,1.0552949127432523,502551105.0,508136949.0,482370838.0,497708244.0,13.996047,18.9960442,23.0605221,380.750366,402.62915,420.566467,34.80075874328613,0.0,76.61044290364583,4.525423980034723,4.469384375000001,8.450903233506946,5.9438455078125,1618.0,9.0,153.0,21.0,147.0,100.0
Sample128,MINION_MK1D,30,1656121261,0,10,3.0,600.0,1800.0,234241168.0,239176211.0,5196018.0,61577.0,59136.0,2216.0,0.978737281149897,0.9603585754421293,4044.5111438041126,2344.773465703971,3804.036702015363,1.043250557049818,468482336.0,478352422.0,557289474.0,575041146.0,17.125,20.375,22.875,380.431213,399.943451,415.246704,35.043395614624025,0.0,83.9051416015625,3.0699282552083336,3.3556093750000002,8.694422265625,0.9748985026041667,1297.0,61.0,285.0,45.0,239.0,121.0
Sample128,MINION_MK1D,60,1656121261,0,10,3.0,600.0,3600.0,513985107.0,526720266.0,11740893.0,129471.0,125691.0,4249.0,0.978195469062607,0.9708042727715087,4190.5965104900115,2763.213226641563,3969.885974465324,1.0476201579902975,513985107.0,526720266.0,561347838.0,576801012.0,17.375,20.375,22.875,379.091461,398.733215,413.775818,35.04423027038574,0.0,84.4141634765625,2.1993967447916667,2.126512565104167,10.540212630208334,0.7197145833333334,1297.0,61.0,285.0,45.0,239.0,121.0
Sample128,MINION_MK1D,120,1656121261,0,10,3.0,600.0,7200.0,1031284369.0,1060927170.0,22879132.0,252621.0,246877.0,8107.0,0.9788900175633044,0.9772623811955459,4297.391697079923,2822.145306525225,4082.3382418722117,1.0509286619469747,515642184.5,530463585.0,535878864.0,555681072.0,17.625,20.625,23.125,382.007446,401.679047,416.612823,35.04215850830078,0.0,80.36683014322917,3.141346744791667,2.851700260416667,12.834687174479168,0.8054356770833334,1229.0,77.0,312.0,46.0,264.0,120.0
Sample129,MINION_MK1D,30,11394079,0,10,3.0,600.0,1800.0,8942565.0,3934536.0,1700198.0,7475.0,775.0,6633.0,0.6982647273145458,0.10367892976588629,5076.8206451612905,256.32413689130107,1196.3297658862875,0.6301026607019351,17885130.0,7869072.0,16585944.0,7418862.0,2.875,4.625,7.625,259.532043,328.156982,388.197,34.93668403625488,0.0,5.426701497395833,3.5114386067708336,6.334150651041667,82.64915826822917,2.0785509765625,338.0,45.0,463.0,345.0,768.0,89.0
Sample129,MINION_MK1D,60,11394079,0,10,3.0,600.0,3600.0,13129946.0,6063927.0,2510403.0,10349.0,1138.0,9148.0,0.7072187564509413,0.10996231519953618,5328.5826010544815,274.4209663314386,1268.7163977195864,0.6530361967977629,13129946.0,6063927.0,5279256.0,2757504.0,3.125,4.375,7.375,265.751526,333.139496,394.432343,34.93770790100098,0.0,2.01471171875,1.96407109375,2.0174434244791666,93.33616770833333,0.6676060546875,338.0,45.0,463.0,345.0,768.0,89.0
Sample129,MINION_MK1D,120,11394079,0,10,3.0,600.0,7200.0,21144068.0,8945755.0,4048944.0,15115.0,1737.0,13046.0,0.6884157147464516,0.11491895468078069,5150.118019573978,310.3590372527978,1398.8797882897784,0.6145789447896214,10572034.0,4472877.5,9105906.0,4965840.0,2.875,4.375,7.625,300.218353,359.331909,420.803772,35.938037109375,0.0,3.035564453125,2.3034438802083335,2.98259140625,90.6697603515625,1.0086399088541667,184.0,43.0,458.0,382.0,884.0,97.0
Sample130,MINION_MK1D,30,736386677,0,10,12.0,1800.0,1800.0,34487064.0,27451431.0,3719748.0,64944.0,41650.0,22982.0,0.8806670739018245,0.6413217541266322,659.0979831932773,161.8548429205465,531.0277161862527,0.9038513397371258,68974128.0,54902862.0,,,3.32471251,4.53087902,21.4791546,369.07077,399.456268,422.274506,34.87329177856445,0.0,42.910365017361116,10.357950651041667,9.599598958333333,29.741168359375003,7.390917013888889,927.0,13.0,340.0,96.0,587.0,85.0
Sample130,MINION_MK1D,60,736386677,0,10,12.0,1800.0,3600.0,86277628.0,70051512.0,8273798.0,154448.0,104117.0,49763.0,0.8943662272131447,0.6741233295348596,672.8153135414966,166.26405160460584,558.6192634414172,0.9078287363208455,86277628.0,70051512.0,103581128.0,85200162.0,3.54271388,17.625,21.9586544,368.149628,397.953247,420.116364,34.817077000935875,0.0,45.315877322048614,10.646390364583334,9.523205034722222,29.96178500434028,4.5527422743055554,927.0,13.0,340.0,96.0,587.0,85.0
Sample130,MINION_MK1D,120,736386677,0,10,12.0,1800.0,7200.0,188635889.0,152142464.0,16115025.0,314501.0,219696.0,94651.0,0.9042240253567554,0.6985542176336482,692.5135824047775,170.25731371036755,599.7942423076556,0.8919696558908787,94317944.5,76071232.0,101949284.0,77530292.0,3.78099656,17.8841286,21.9358101,370.115204,398.682129,420.20993,34.814523951212564,0.0,36.39380223524306,11.763403125,8.342918901909723,35.3557603515625,8.144115386284723,750.0,28.0,392.0,102.0,692.0,84.0
Sample131,MINION_MK1D,30,701530119,0,10,3.0,600.0,1800.0,102014280.0,99922910.0,6373260.0,38871.0,33259.0,5486.0,0.9400424305033757,0.8556250160788248,3004.387083195526,1161.7316806416331,2624.4315813845797,1.041973437444248,204028560.0,199845820.0,242134152.0,247773492.0,12.625,18.125,20.875,372.878235,399.716949,418.291595,35.18017082214355,0.0,48.449141015625,5.927955208333334,5.2486624348958335,37.630233138020834,2.744008203125,775.0,37.0,268.0,165.0,658.0,145.0
Sample131,MINION_MK1D,60,701530119,0,10,3.0,600.0,3600.0,225940243.0,221521019.0,12518747.0,82890.0,71938.0,10791.0,0.9465101712672196,0.8678730848111955,3079.332466846451,1160.1099990733019,2725.7840873446735,1.0358480759888358,225940243.0,221521019.0,245032608.0,240349182.0,12.625,18.625,20.875,371.296661,399.307343,418.342072,35.180677795410155,0.0,46.73070188802084,5.0022288411458335,4.6578651041666665,41.12832506510417,2.4808791015625,775.0,37.0,268.0,165.0,658.0,145.0
Sample131,MINION_MK1D,120,701530119,0,10,3.0,600.0,7200.0,461999057.0,450330519.0,26426617.0,168820.0,146271.0,22133.0,0.944570065124311,0.8664317024049283,3078.740960272371,1193.991641440383,2736.636992062552,1.0319439591410249,230999528.5,225165259.5,255096144.0,250201068.0,12.625,18.375,21.125,377.692352,403.397217,422.843079,35.17773666381836,0.0,46.50223346354167,4.5917796875,4.261911263020833,42.241589908854166,2.4024856770833334,667.0,26.0,292.0,196.0,710.0,157.0
Sample132,MINION_MK1D,30,669401391,0,10,3.0,600.0,1800.0,79394544.0,81179347.0,2132111.0,28986.0,25350.0,3214.0,0.9744079499845028,0.8745601324777479,3202.341104536489,663.3823895457374,2739.0652038915337,1.04933480063819,158789088.0,162358694.0,209763852.0,216474948.0,13.125,18.625,21.375,378.573822,402.004303,419.014587,34.9270378112793,0.0,40.060223828125004,6.5231773437500005,6.285442578125,44.13258990885417,2.9985663411458336,624.0,42.0,247.0,404.0,607.0,124.0
Sample132,MINION_MK1D,60,669401391,0,10,3.0,600.0,3600.0,191230952.0,194897445.0,5480988.0,62733.0,55766.0,6443.0,0.9726468167360107,0.8889420241340283,3494.9152709536274,850.6888095607636,3048.3310538313167,1.0478347302271445,191230952.0,194897445.0,225001740.0,229884294.0,14.625,18.375,21.125,378.796021,402.523102,418.375305,34.92428474426269,0.0,39.68608151041667,5.1172547526041665,5.529496940104167,47.24039212239583,2.4267746744791667,624.0,42.0,247.0,404.0,607.0,124.0
Sample132,MINION_MK1D,120,669401391,0,10,3.0,600.0,7200.0,417721491.0,424452629.0,14413651.0,126237.0,113420.0,12513.0,0.9671570780056286,0.8984687532181531,3742.3084905660376,1151.8941101254695,3309.025808598113,1.0506193467551326,208860745.5,212226314.5,257599092.0,264770310.0,14.375,18.375,21.125,380.378876,402.983398,419.490143,34.926903533935544,0.0,42.6551439453125,4.322581575520833,4.191811197916667,46.94688782552083,1.8835754557291668,511.0,47.0,311.0,481.0,582.0,116.0
Sample134,MINION_MK1D,30,238736835,0,10,12.0,1800.0,1800.0,12724952.0,11037379.0,1198238.0,23610.0,17404.0,5423.0,0.9020696708633492,0.73714527742482,634.1863364743737,220.95482205421354,538.9645065650149,0.9615452380488351,25449904.0,22074758.0,,,3.66835356,14.1861925,21.9602737,358.972443,390.429962,415.636536,35.40879859924316,0.0,13.098241514756944,6.598360438368056,3.3298424913194444,73.39215991753473,3.5813956380208336,236.0,99.0,335.0,199.0,1122.0,57.0
Sample134,MINION_MK1D,60,238736835,0,10,12.0,1800.0,3600.0,29895446.0,26004362.0,2751297.0,49850.0,38232.0,11018.0,0.9043215458911931,0.7669408224674023,680.1726825695753,249.70929388273734,599.7080441323972,0.9618742265962514,29895446.0,26004362.0,34340988.0,29933966.0,9.79022121,17.8574848,21.7918,363.460358,393.885864,419.813629,35.827199681599936,0.0,12.247052539062501,5.474262413194444,2.6044026909722224,78.51077213541667,1.1635102213541668,236.0,99.0,335.0,199.0,1122.0,57.0
Sample134,MINION_MK1D,120,238736835,0,10,12.0,1800.0,7200.0,69641939.0,60899447.0,6083770.0,104302.0,83552.0,20483.0,0.909174711629631,0.8010584648424767,728.8807808310992,297.01557389054335,667.6951448677878,0.9618229756641326,34820969.5,30449723.5,45747122.0,42239734.0,13.2466536,18.0348568,22.125,374.436798,402.552185,425.179443,35.9310188293457,0.0,13.338068424479168,5.256769835069445,3.0370443793402777,75.40608865017361,2.9620287109375,222.0,21.0,362.0,229.0,1166.0,48.0
Sample135,MINION_MK1D,30,837720401,0,10,12.0,1800.0,1800.0,54275593.0,48498762.0,5392491.0,151181.0,134359.0,17743.0,0.8999375464511838,0.8887294038272006,360.96399943435125,303.92216648819254,359.0106759447285,0.9929187323664985,108551186.0,96997524.0,,,11.375,15.2486563,20.125,368.202545,396.646912,420.956604,34.950365193684895,0.0,21.608156770833336,2.7474096571180557,4.317796050347223,67.81287825520833,3.513759266493056,281.0,31.0,212.0,960.0,466.0,98.0
Sample135,MINION_MK1D,60,837720401,0,10,12.0,1800.0,3600.0,114010307.0,103010211.0,10700986.0,313670.0,282284.0,33961.0,0.905893295626815,0.8999394267861128,364.9169311756954,315.09631636288685,363.4721426977397,0.9973764652699338,114010307.0,103010211.0,119469428.0,109022898.0,11.625,15.4579344,20.1249981,369.990723,397.816193,422.306091,35.07362251281738,0.0,21.976148524305557,2.4956253906250003,3.936757703993056,69.82836940104167,1.7630989800347223,281.0,31.0,212.0,960.0,466.0,98.0
Sample135,MINION_MK1D,120,837720401,0,10,12.0,1800.0,7200.0,220021275.0,201302866.0,19510662.0,604871.0,549833.0,60893.0,0.9116419080990364,0.9090086977223243,366.1163771545178,320.4089468411804,363.74908864865404,1.0036008017861,110010637.5,100651433.0,98409954.0,91482736.0,11.625,15.5563116,20.3063145,373.169495,401.157135,424.461273,35.187011591593425,0.0,17.57902052951389,2.918802821180556,3.5159739583333334,73.2105365451389,2.7756661458333336,220.0,27.0,234.0,977.0,491.0,99.0
Sample137,MINION_MK1D,30,171353128,0,10,12.0,1800.0,1800.0,16309359.0,3697482.0,6791328.0,69173.0,7445.0,61235.0,0.3525168250735784,0.10762869905888135,496.6396239086635,110.90598513921776,235.77637228398365,0.6431160170059412,32618718.0,7394964.0,,,3.375,4.21055937,5.625,359.315399,387.222504,412.9935,35.035173670450845,0.0,25.027982986111112,6.151460373263889,11.525910264756945,48.65535440538195,8.639291970486111,644.0,90.0,354.0,9.0,854.0,97.0
Sample137,MINION_MK1D,60,171353128,0,10,12.0,1800.0,3600.0,32063709.0,9709273.0,12115623.0,131825.0,18449.0,112554.0,0.44487144406094764,0.13995069220557557,526.2763835438235,107.64275814275814,243.2293495164043,0.6806728441803162,32063709.0,9709273.0,31508700.0,12023582.0,3.375,4.20470715,5.875,365.878601,395.750854,418.83136,35.462121454874676,0.0,24.875173567708334,5.778499479166667,11.535245833333335,52.10792408854167,5.70315703125,644.0,90.0,354.0,9.0,854.0,97.0
Sample137,MINION_MK1D,120,171353128,0,10,12.0,1800.0,7200.0,63188314.0,24944002.0,19970386.0,226062.0,44075.0,181392.0,0.5553677365035008,0.19496863692261415,565.9444583096994,110.0951861162565,279.51762790738826,0.7108021271148333,31594157.0,12472001.0,32174454.0,15303606.0,3.125,4.125,6.375,373.193115,402.747925,422.528503,35.63941345214844,0.0,20.297422200520835,8.09913127170139,9.444829014756944,55.04421814236111,7.114399370659722,496.0,66.0,403.0,12.0,990.0,81.0
Sample138,MINION_MK1D,30,100802561,0,10,12.0,1800.0,1800.0,7932593.0,1325049.0,2932637.0,34720.0,1651.0,32504.0,0.3112134149864504,0.04755184331797235,802.5735917625682,90.22388013782918,228.47330069124425,0.5367331968247961,15865186.0,2650098.0,,,3.375,4.28321,6.125,368.199707,392.266724,411.031097,34.92833633422852,0.0,32.72746293402778,8.703191341145834,17.113029296875002,29.65502109375,11.80129533420139,1318.0,2.0,144.0,6.0,470.0,108.0
Sample138,MINION_MK1D,60,100802561,0,10,12.0,1800.0,3600.0,19596881.0,3635968.0,6775481.0,77216.0,3923.0,73056.0,0.3492278548355757,0.0508055325321177,926.8335457557992,92.74366239597022,253.79300922088686,0.5312809216936103,19596881.0,3635968.0,23328576.0,4621838.0,3.375,4.4578805,6.125,366.490509,392.916046,409.840271,34.97890459696452,0.0,32.083392426215276,8.891988650173612,19.737728276909724,28.96311566840278,10.323774978298612,1318.0,2.0,144.0,6.0,470.0,108.0
Sample138,MINION_MK1D,120,100802561,0,10,12.0,1800.0,7200.0,42561374.0,9600188.0,12509383.0,139387.0,8620.0,129985.0,0.4342096009008949,0.061842209101279175,1113.7109048723898,96.23712736084933,305.34679704707037,0.5194750291661167,21280687.0,4800094.0,21117640.0,6264098.0,3.375,4.54408646,6.29428291,379.875092,401.492493,420.509949,35.18718694051107,0.0,25.937423198784725,8.615180164930557,16.746268728298613,36.80215824652778,11.898969661458334,846.0,18.0,350.0,7.0,736.0,91.0
Sample139,MINION_MK1D,30,11860724,0,10,12.0,1800.0,1800.0,2757137.0,1327291.0,339905.0,3036.0,945.0,1851.0,0.79612175173165,0.31126482213438733,1404.5407407407408,183.63317125877904,908.1478919631094,0.6046837716080122,5514274.0,2654582.0,,,2.45112252,4.22275496,6.125,364.917908,383.532959,400.420166,34.927538808186846,0.0,9.556290212673611,27.24099299045139,6.255031228298612,51.570975000000004,5.376710568576389,521.0,79.0,469.0,88.0,801.0,90.0
Sample139,MINION_MK1D,60,11860724,0,10,12.0,1800.0,3600.0,7074111.0,2267066.0,642671.0,5329.0,1666.0,3467.0,0.7791308973972562,0.3126290110714956,1360.7839135654262,185.36804153446784,1327.4743854381686,0.41132193147661944,7074111.0,2267066.0,8633948.0,1879550.0,2.125,3.04079509,6.20659,362.871704,387.263275,400.844116,34.926581319173174,0.0,8.081203797743056,26.438843359375003,6.161762934027778,56.64401677517361,2.6741731336805556,521.0,79.0,469.0,88.0,801.0,90.0
Sample139,MINION_MK1D,120,11860724,0,10,12.0,1800.0,7200.0,11765759.0,3685935.0,1056519.0,8843.0,2713.0,5832.0,0.7772210336673798,0.30679633608503903,1358.6196092886105,181.15895061728395,1330.516679859776,0.40307250896436003,5882879.5,1842967.5,2898634.0,1442464.0,2.02870274,2.99813437,5.91848469,378.028412,401.51712,417.432983,35.325405248006184,0.0,6.070837022569445,25.243258593750003,5.186977495659723,59.196355034722224,4.302571853298612,400.0,46.0,527.0,93.0,881.0,101.0
Sample140,MINION_MK1D,30,1183461474,0,10,3.0,600.0,1800.0,107166178.0,105312423.0,4225631.0,32807.0,28802.0,3569.0,0.9614231689746835,0.8779223946109062,3656.4274355947505,1183.9817876155787,3266.564391745664,1.0221326919021037,214332356.0,210624846.0,319782936.0,313807032.0,12.625,19.875,22.125,378.269501,400.30719,416.98111,34.93648567199707,0.0,69.80948391927083,13.619116601562501,6.78355703125,6.44606953125,3.3417729166666668,1668.0,0.0,75.0,65.0,168.0,72.0
Sample140,MINION_MK1D,60,1183461474,0,10,3.0,600.0,3600.0,299143591.0,294831767.0,11893301.0,77569.0,69129.0,7722.0,0.9612248810390679,0.8911936469465895,4264.950556206512,1540.1840196840196,3856.4837886268997,1.0253439392589228,299143591.0,294831767.0,408430608.0,403627566.0,14.125,19.875,22.125,379.146423,402.11377,418.137878,34.93862533569336,0.0,75.32076770833334,10.252415625000001,5.964637825520834,5.6622201171875,2.7999587239583335,1668.0,0.0,75.0,65.0,168.0,72.0
Sample140,MINION_MK1D,120,1183461474,0,10,3.0,600.0,7200.0,709366504.0,699804545.0,27522527.0,167455.0,151020.0,15718.0,0.9621593529795079,0.901854229494491,4633.853430009271,1751.0196589896934,4236.161977844794,1.0253191656199205,354683252.0,349902272.5,444207480.0,449479602.0,14.125,19.125,21.625,382.250183,405.293854,421.949432,34.94012641906738,0.0,77.53620514322917,9.586787239583334,4.971871484375,5.193564778645833,2.711571354166667,1558.0,14.0,154.0,65.0,192.0,65.0
Sample142,MINION_MK1D,30,157506739,0,10,6.0,1800.0,1800.0,28409677.0,10129254.0,6718435.0,32435.0,8546.0,23841.0,0.6012251294524726,0.26348080776938493,1185.26257898432,281.8017281154314,875.8956990904886,0.5930264184277773,56819354.0,20258508.0,,,3.47120237,5.3124733,11.230958,257.083557,318.318939,372.522278,35.48044726053874,0.0,20.830829296875002,26.945477278645836,19.40383376736111,21.284952408854167,11.53490724826389,1291.0,9.0,342.0,73.0,226.0,107.0
Sample142,MINION_MK1D,60,157506739,0,10,6.0,1800.0,3600.0,66115361.0,23453956.0,14419956.0,69606.0,20069.0,49419.0,0.6192641520632989,0.2883228457316898,1168.6659026359061,291.78971650579734,949.8514639542568,0.5728458776773525,66115361.0,23453956.0,75411368.0,26649404.0,3.625,5.875,12.1251078,262.325348,323.024933,375.230927,35.930887349446614,0.0,23.011648046875003,25.807665234375,21.344783984375002,20.385448415798614,9.450454318576389,1291.0,9.0,342.0,73.0,226.0,107.0
Sample142,MINION_MK1D,120,157506739,0,10,6.0,1800.0,7200.0,148277111.0,50245013.0,30538601.0,141402.0,42811.0,98418.0,0.6219703540373918,0.30276092275922545,1173.6472635537596,310.29487492125423,1048.6210308199318,0.5448151333350432,74138555.5,25122506.5,81982198.0,26568644.0,3.625,5.7598772,12.125,263.564758,325.275726,377.233643,35.9304017384847,0.0,20.507637782118056,20.62944826388889,20.14176974826389,25.568966341145835,13.152177864583335,1064.0,18.0,459.0,75.0,338.0,94.0
Sample143,MINION_MK1D,30,821509385,0,10,12.0,1800.0,1800.0,19294024.0,9891933.0,4890360.0,57908.0,4743.0,53026.0,0.6691744643405458,0.08190578158458243,2085.585705249842,92.2257005997058,333.18408510050426,0.7661591485529405,38588048.0,19783866.0,,,3.375,4.43209457,6.21142483,375.33255,398.767792,414.212,34.92790959676107,0.0,40.931753255208335,4.141346202256945,10.994322938368056,35.43709555121528,8.49548205295139,839.0,84.0,487.0,80.0,485.0,73.0
Sample143,MINION_MK1D,60,821509385,0,10,12.0,1800.0,3600.0,52212244.0,32684029.0,10097888.0,113930.0,13788.0,100020.0,0.7639683139958409,0.12102167997893443,2370.469176095155,100.95868826234754,458.2835425261125,0.8193847596360732,52212244.0,32684029.0,65836440.0,45584192.0,3.375,4.54176474,6.375,377.774841,398.604095,412.90979,34.92611897786458,0.0,44.8373078125,4.338812348090278,9.999384852430556,35.176840104166665,5.647654882812501,839.0,84.0,487.0,80.0,485.0,73.0
Sample143,MINION_MK1D,120,821509385,0,10,12.0,1800.0,7200.0,136817864.0,91803141.0,20023297.0,211052.0,36250.0,174759.0,0.8209430850332549,0.1717586187290336,2532.5004413793104,114.57662838537644,648.2661334647386,0.8173379903080492,68408932.0,45901570.5,86415174.0,60685448.0,3.46821976,4.81257391,6.75014734,380.787628,401.375977,416.216827,34.92638397216797,0.0,39.309215733506946,4.792086371527778,8.699344227430556,37.91430492621528,9.285048741319445,744.0,103.0,482.0,80.0,554.0,85.0
Sample144,MINION_MK1D,30,1157673582,0,10,12.0,1800.0,1800.0,77648229.0,49827429.0,7805021.0,79566.0,32387.0,46936.0,0.86457245874503,0.4070457230475329,1538.5009108592953,166.29071501619225,975.8971042907775,0.7422249128180374,155296458.0,99654858.0,,,3.625,4.96538734,7.125,365.048798,391.715576,413.256134,35.20220209757487,0.0,52.16586223958333,11.216919552951389,8.859938910590278,20.2245458984375,7.5327333984375,1309.0,68.0,257.0,74.0,253.0,87.0
Sample144,MINION_MK1D,60,1157673582,0,10,12.0,1800.0,3600.0,179679434.0,101120636.0,16578545.0,162621.0,65666.0,96499.0,0.8591447717890237,0.4037977874936201,1539.9237961806718,171.80017409506834,1104.8968706378635,0.6550509336533195,179679434.0,101120636.0,204062410.0,102586414.0,3.625,4.875,7.125,367.696106,395.109619,416.011292,35.4263500213623,0.0,58.98640310329861,11.260130381944444,9.162806814236111,15.804662348090279,4.785997352430556,1309.0,68.0,257.0,74.0,253.0,87.0
Sample144,MINION_MK1D,120,1157673582,0,10,12.0,1800.0,7200.0,378510112.0,221583018.0,35913065.0,324563.0,130963.0,194177.0,0.8605296648337754,0.4035056368101108,1691.9512992219177,184.95014857578394,1166.2146085659795,0.6802885176288236,189255056.0,110791509.0,184536376.0,140938784.0,3.625,4.875,7.125,372.182861,396.640198,417.305664,35.42545102437337,0.0,50.27391458333334,10.021012391493056,9.006907508680555,21.124227408854168,9.57393810763889,1191.0,102.0,277.0,77.0,314.0,87.0
Sample151,MINION_MK1D,30,68777413,0,10,12.0,1800.0,1800.0,10803245.0,1763661.0,4521341.0,43109.0,2070.0,40960.0,0.28061423051257584,0.048017815305388664,852.0101449275362,110.3843017578125,250.60300633278433,0.5817698293429427,21606490.0,3527322.0,,,3.375,4.43587,6.125,358.974915,391.220306,413.341766,34.93905601501465,0.0,18.163667491319444,3.855620138888889,8.170307790798612,63.03050258246528,6.779901996527778,361.0,86.0,633.0,155.0,696.0,117.0
Sample151,MINION_MK1D,60,68777413,0,10,12.0,1800.0,3600.0,25190080.0,5090541.0,9954808.0,92148.0,4955.0,87076.0,0.3383464883400179,0.05377219255979511,1027.35438950555,114.32321190684,273.36545557147195,0.5972727756323124,25190080.0,5090541.0,28773670.0,6653760.0,3.375,4.29250717,5.95749283,361.504669,394.771454,417.235657,35.06872685750326,0.0,18.114298133680556,3.2438457031250003,7.341284592013889,67.28906783854167,4.011503732638889,361.0,86.0,633.0,155.0,696.0,117.0
Sample151,MINION_MK1D,120,68777413,0,10,12.0,1800.0,7200.0,57981613.0,12853976.0,21539319.0,174631.0,11066.0,163541.0,0.37373493874314745,0.06336790146079448,1161.57382974878,131.70592695409715,332.02359833019335,0.5931758918124613,28990806.5,6426988.0,29724000.0,7895218.0,3.375,4.3079834,6.11202145,364.250763,399.927734,421.64679,35.302243041992185,0.0,16.165740993923613,2.3896816189236114,6.813046245659723,68.97876098090278,5.652770160590278,272.0,82.0,660.0,170.0,744.0,120.0
Sample154,MINION_MK1D,30,614592705,0,10,12.0,1800.0,1800.0,21173019.0,7940827.0,6983152.0,86751.0,6229.0,80210.0,0.5320851094738206,0.0718032068794596,1274.8157007545353,87.06086522877446,244.06656983781167,0.7048583388131848,42346038.0,15881654.0,,,3.375,4.53581285,6.125,378.000671,403.082947,418.162781,34.913734181722006,0.0,53.923201844618056,3.292273480902778,12.469801822916667,21.04440842013889,9.270314431423612,1474.0,5.0,150.0,55.0,283.0,81.0
Sample154,MINION_MK1D,60,614592705,0,10,12.0,1800.0,3600.0,49709697.0,22527532.0,13474168.0,165699.0,15408.0,149623.0,0.6257352291697337,0.09298788767584597,1462.067237798546,90.0541226950402,299.99998189488167,0.7242389749428567,49709697.0,22527532.0,57073356.0,29173410.0,3.375,4.625,6.125,379.742035,400.084686,413.417419,34.74000930786133,0.0,54.52671061197917,2.9035628038194448,14.608878515625001,20.73454592013889,7.2263021484375,1474.0,5.0,150.0,55.0,283.0,81.0
Sample154,MINION_MK1D,120,614592705,0,10,12.0,1800.0,7200.0,110058374.0,59554211.0,23365934.0,279779.0,36267.0,243083.0,0.7182116119068532,0.12962731298632135,1642.1046957288995,96.12327476623211,393.3761075706182,0.7534196807232496,55029187.0,29777105.5,58425914.0,38047504.0,3.375,4.625,6.375,377.643799,398.247131,412.7435,34.671685282389326,0.0,43.76534615885417,6.532178884548611,13.322283832465278,27.321580381944447,9.0586107421875,1094.0,27.0,235.0,55.0,566.0,71.0
Sample155,MINION_MK1D,30,175471788,0,10,12.0,1800.0,1800.0,10716776.0,4265620.0,3401948.0,42290.0,3105.0,38712.0,0.5563198135314874,0.07342161267439111,1373.790660225443,87.87838396362885,253.41158666351384,0.7154733849060576,21433552.0,8531240.0,,,3.125,4.125,6.03703308,380.553253,402.23288,419.309204,34.886239496866864,0.0,32.207162760416665,5.212332335069445,9.529687434895834,45.49417039930556,7.556647070312501,661.0,140.0,409.0,71.0,688.0,79.0
Sample155,MINION_MK1D,60,175471788,0,10,12.0,1800.0,3600.0,23654874.0,10459206.0,6568987.0,82246.0,7053.0,74709.0,0.6142287675503796,0.08575493033095835,1482.9442790301998,87.92765262552035,287.6112394523746,0.7198598056366734,23654874.0,10459206.0,25876196.0,12387172.0,3.125,4.21266127,5.875,369.055939,395.548645,411.110382,34.70198020935059,0.0,28.974270073784723,4.004611393229167,8.191129361979167,54.35106063368056,4.478928537326389,661.0,140.0,409.0,71.0,688.0,79.0
Sample155,MINION_MK1D,120,175471788,0,10,12.0,1800.0,7200.0,50701588.0,27326216.0,12138922.0,147574.0,16622.0,130348.0,0.6924140490779482,0.11263501700841612,1643.9788232463002,93.1270291834167,343.5672137368371,0.7783807087067963,25350794.0,13663108.0,28947052.0,18892734.0,3.30612159,4.30612135,6.125,376.737061,399.191925,415.756622,34.81615816752116,0.0,26.932538606770834,3.537682638888889,7.762698719618056,55.62731924913195,6.139760785590278,500.0,73.0,486.0,70.0,834.0,85.0
Sample157,MINION_MK1D,30,573198987,0,10,12.0,1800.0,1800.0,21810404.0,10364288.0,7173863.0,88750.0,6018.0,82447.0,0.590956709176469,0.06780845070422535,1722.2146892655367,87.0118136499812,245.7510309859155,0.8041185757035954,43620808.0,20728576.0,,,3.375,4.29414415,6.125,382.970093,404.91922,420.164825,34.85982526143392,0.0,55.27164743923611,4.083026041666667,12.26875978732639,19.160690429687502,9.215876302083334,1553.0,3.0,155.0,49.0,230.0,58.0
Sample157,MINION_MK1D,60,573198987,0,10,12.0,1800.0,3600.0,52817418.0,28229996.0,13585924.0,163937.0,14384.0,149126.0,0.6751016359319608,0.08774102246594728,1962.5970522803113,91.10365730992584,322.18119155529257,0.7917070084720915,52817418.0,28229996.0,62014028.0,35731416.0,3.375,4.20475626,6.125,377.506775,398.561127,412.70282,34.55541547139486,0.0,56.096932703993055,4.312954405381944,14.763040603298611,17.44429435763889,7.3827779296875,1553.0,3.0,155.0,49.0,230.0,58.0
Sample157,MINION_MK1D,120,573198987,0,10,12.0,1800.0,7200.0,118035229.0,70019993.0,25420089.0,294350.0,33017.0,260980.0,0.7336539484532295,0.11216918634278919,2120.725474755429,97.40244080006131,401.0029862408697,0.8085728541264574,59017614.5,35009996.5,64151006.0,41223334.0,3.375,4.2145443,6.21351194,377.444977,398.68576,412.862244,34.55297037760417,0.0,50.294941145833334,5.107088715277778,13.191407942708334,21.839213975694445,9.567348220486112,1314.0,5.0,258.0,51.0,369.0,51.0
Sample158,MINION_MK1D,30,48221626,0,10,3.0,600.0,1800.0,9012549.0,6240755.0,735053.0,15399.0,11851.0,3208.0,0.8946282638512987,0.7695954282745633,526.601552611594,229.13123441396507,585.2684589908436,0.7740105490688595,18025098.0,12481510.0,23899944.0,15325284.0,10.375,14.125,18.875,369.866974,392.215088,415.340546,35.080274963378905,0.0,29.316190755208336,45.982461328125005,9.764305859375,9.306522526041666,5.63051953125,1603.0,5.0,92.0,66.0,228.0,54.0
Sample158,MINION_MK1D,60,48221626,0,10,3.0,600.0,3600.0,22619357.0,14452737.0,1691358.0,33142.0,26198.0,6805.0,0.8952336442519695,0.7904773399312052,551.6732956714253,248.5463629684056,682.4982499547402,0.7137291745295854,22619357.0,14452737.0,33471114.0,16025478.0,10.375,13.625,18.625,364.142822,397.414124,421.59491,35.30283050537109,0.0,26.79448209635417,47.508665429687504,10.0284884765625,9.946295963541667,5.722068033854167,1603.0,5.0,92.0,66.0,228.0,54.0
Sample158,MINION_MK1D,120,48221626,0,10,3.0,600.0,7200.0,60965969.0,30273887.0,3643158.0,68612.0,54141.0,13992.0,0.8925862202913019,0.7890893721214948,559.1674885945956,260.37435677530016,888.5613158048155,0.5563274980505928,30482984.5,15136943.5,26177772.0,17895408.0,10.375,14.875,19.125,377.657074,401.610687,424.286346,35.30679054260254,0.0,24.902324804687503,46.51141158854167,11.045702083333333,11.467523632812501,6.073037890625001,1371.0,45.0,136.0,66.0,367.0,63.0
Sample159,MINION_MK1D,30,763767231,0,10,3.0,600.0,1800.0,97486593.0,90939436.0,5594231.0,55842.0,48095.0,7338.0,0.9420489123240289,0.8612692955123383,1890.8293169768167,762.3645407467975,1745.7575480820888,0.9902250558699902,194973186.0,181878872.0,243894588.0,230113698.0,13.625,18.125,21.625,371.635956,396.766266,417.14743,35.68855857849121,0.0,58.71158098958334,11.6207859375,8.020390104166667,17.778700325520834,3.868542643229167,1152.0,24.0,140.0,85.0,599.0,48.0
Sample159,MINION_MK1D,60,763767231,0,10,3.0,600.0,3600.0,238787048.0,219242901.0,13207159.0,123830.0,107954.0,15102.0,0.9431828109659339,0.871791972866026,2030.8918706115567,874.5304595417825,1928.345699749657,0.9734617599527425,238787048.0,219242901.0,299318268.0,264312552.0,13.875,18.375,21.625,374.393646,399.00766,418.908905,35.811377334594724,0.0,61.19331015625,9.3922890625,7.229445703125,18.841832942708333,3.343122135416667,1152.0,24.0,140.0,85.0,599.0,48.0
Sample159,MINION_MK1D,120,763767231,0,10,3.0,600.0,7200.0,525780457.0,482261096.0,28186693.0,252933.0,223596.0,28632.0,0.94478045824193,0.8840127622730131,2156.841338843271,984.4472268790165,2078.734119312229,0.9708382694794607,262890228.5,241130548.0,305486322.0,289153062.0,14.125,18.625,21.875,374.132599,399.949219,420.459503,35.813528060913086,0.0,59.735446809895834,8.490951041666667,6.9657400390625,21.618626171875,3.1892359375000003,1047.0,34.0,178.0,87.0,652.0,50.0
Sample160,MINION_MK1D,30,149362263,0,10,3.0,600.0,1800.0,22232752.0,21307041.0,1351022.0,15690.0,13104.0,2114.0,0.940373455577381,0.8351816443594646,1625.9951923076924,639.0832544938505,1417.0014021669854,1.0191299304737442,44465504.0,42614082.0,55373874.0,54678600.0,12.125,17.375,20.125,369.478668,397.238342,417.670685,35.182390975952146,0.0,17.67690546875,26.2199755859375,10.794827734375,40.70878326822917,4.599507942708334,851.0,167.0,208.0,100.0,662.0,60.0
Sample160,MINION_MK1D,60,149362263,0,10,3.0,600.0,3600.0,50720192.0,47519696.0,3432393.0,33095.0,28099.0,4638.0,0.932634891574318,0.849040640580148,1691.1525677070358,740.0588615782665,1532.5635896661126,1.0045720844274406,50720192.0,47519696.0,53357346.0,52161108.0,12.375,16.875,19.875,371.701233,397.756958,419.944092,35.32641944885254,0.0,14.718986002604167,22.029010742187502,8.849955729166668,50.7722736328125,3.6297738932291668,851.0,167.0,208.0,100.0,662.0,60.0
Sample160,MINION_MK1D,120,149362263,0,10,3.0,600.0,7200.0,108091366.0,101957882.0,6380489.0,69150.0,59916.0,8776.0,0.9411059171269983,0.8664642082429501,1701.6803858735564,727.0384001823154,1563.1433984092553,1.0022851501386336,54045683.0,50978941.0,65536710.0,64828650.0,12.375,17.375,20.125,378.165771,403.650513,424.530121,35.42344093322754,0.0,16.940252473958335,19.60399322916667,9.167233333333334,50.3560958984375,3.932425065104167,557.0,105.0,316.0,109.0,897.0,64.0
Sample161,MINION_MK1D,30,242516629,0,10,12.0,1800.0,1800.0,16893757.0,6600633.0,5778350.0,66369.0,3465.0,62639.0,0.5332128657095659,0.052208109207611986,1904.9445887445888,92.24843947061734,254.54288899938223,0.7327548869088149,33787514.0,13201266.0,,,3.375,4.19487143,5.875,373.236664,401.914429,419.971191,34.88482106526693,0.0,35.967902365451394,4.128077365451389,8.586063585069445,44.33874184027778,6.97921484375,716.0,69.0,305.0,125.0,752.0,81.0
Sample161,MINION_MK1D,60,242516629,0,10,12.0,1800.0,3600.0,36990124.0,16280396.0,11471136.0,125421.0,7943.0,117135.0,0.5866485497088954,0.06333070219500722,2049.6532796172733,97.930900243309,294.92767558861755,0.7502416590979798,36990124.0,16280396.0,40192734.0,19359526.0,3.29277563,4.04277563,5.875,374.910156,399.3255,414.897919,34.67497495015462,0.0,34.820687803819446,4.199161762152778,8.758484027777778,47.52606779513889,4.695598611111111,716.0,69.0,305.0,125.0,752.0,81.0
Sample161,MINION_MK1D,120,242516629,0,10,12.0,1800.0,7200.0,74630378.0,38386398.0,20055337.0,213409.0,17234.0,196157.0,0.6568319369710705,0.08075573195132352,2227.3643959614715,102.24125063087222,349.7058605775764,0.7830823930705536,37315189.0,19193199.0,34961632.0,22790418.0,3.375,4.125,6.05277443,379.745453,402.197906,416.775421,34.67128423055013,0.0,29.04007775607639,3.9917358723958336,8.339480078125,52.0449201171875,6.583786176215278,556.0,55.0,361.0,131.0,871.0,74.0
Sample162,MINION_MK1D,30,96164240,0,10,12.0,1800.0,1800.0,7734013.0,2682220.0,2553734.0,24003.0,1914.0,21595.0,0.5122695883118912,0.079740032495938,1401.3688610240335,118.25579995369299,322.2102653834937,0.6770035168029844,15468026.0,5364440.0,,,3.125,4.04263735,5.625,379.07605,403.070312,420.574188,34.93801918029785,0.0,15.263512868923613,3.3886715060763892,5.043136349826389,71.60921512586806,4.695464149305556,271.0,109.0,431.0,190.0,961.0,86.0
Sample162,MINION_MK1D,60,96164240,0,10,12.0,1800.0,3600.0,17438659.0,6541353.0,5390453.0,43054.0,4243.0,38432.0,0.5482282397149266,0.0985506573140707,1541.6811218477492,140.25949729392173,405.04155246899245,0.6842157989327047,17438659.0,6541353.0,19409292.0,7718266.0,3.29698491,4.04698467,5.625,370.632141,397.047699,413.339844,34.83120854695638,0.0,12.808170659722222,2.852841861979167,4.295440516493056,78.04671453993056,1.996832421875,271.0,109.0,431.0,190.0,961.0,86.0
Sample162,MINION_MK1D,120,96164240,0,10,12.0,1800.0,7200.0,33866077.0,16544888.0,8973434.0,71921.0,9904.0,61575.0,0.6483532890603073,0.13770665035247007,1670.5258481421647,145.7317742590337,470.87883928198994,0.7535068794652536,16933038.5,8272444.0,18133140.0,13176854.0,3.375,4.31402206,6.24508047,377.240326,402.709808,420.787048,34.93890101114909,0.0,13.91526076388889,4.204128428819445,5.038964995659723,72.55697721354167,4.284668598090278,245.0,17.0,465.0,222.0,1015.0,84.0
Sample163,MINION_MK1D,30,765383776,0,10,12.0,1800.0,1800.0,16850235.0,10565828.0,2367241.0,27453.0,7660.0,19095.0,0.8169621611080866,0.27902232907150404,1379.35091383812,123.97177271537052,613.7848322587695,0.7675304825125584,33700470.0,21131656.0,,,3.125,4.125,6.375,379.18042,404.156952,422.847107,34.66257934570312,0.0,47.32709069010417,11.145542751736112,10.918463823784723,22.838389648437502,7.7705130859375,1370.0,4.0,195.0,147.0,262.0,70.0
Sample163,MINION_MK1D,60,765383776,0,10,12.0,1800.0,3600.0,46147413.0,30863310.0,5580097.0,64469.0,19794.0,44238.0,0.8468832236239603,0.3070312863546821,1559.225522885723,126.13809394638093,715.8077990972405,0.7897172264022687,46147413.0,30863310.0,58594356.0,40594964.0,3.04055095,4.37594461,6.45944881,376.907135,399.331421,416.377411,34.432626215616864,0.0,49.0583970703125,12.30604650607639,11.987479578993057,20.986618055555557,5.6614587890625,1370.0,4.0,195.0,147.0,262.0,70.0
Sample163,MINION_MK1D,120,765383776,0,10,12.0,1800.0,7200.0,123085625.0,85309307.0,12930924.0,143952.0,49481.0,94181.0,0.8683744544533899,0.3437326330999222,1724.0821123259434,137.2986483473312,855.0463001556075,0.7981454454977988,61542812.5,42654653.5,79673438.0,56287700.0,3.375,4.8133707,6.77629423,371.836517,397.181671,413.841583,34.43142585754394,0.0,44.94393196614583,11.816393815104167,9.746515147569445,25.036322743055557,8.456836328125,1125.0,9.0,324.0,147.0,366.0,77.0
Sample165,MINION_MK1D,30,210379268,0,10,12.0,1800.0,1800.0,11867326.0,4805261.0,3353836.0,40207.0,4804.0,35243.0,0.5889451982247546,0.1194816822941279,1000.2624895920067,95.16318134097551,295.15571915338126,0.6875261537434803,23734652.0,9610522.0,,,3.22031879,4.22031879,6.21134663,323.699799,384.655975,431.495331,35.069645436604816,0.0,33.90208040364583,7.7270489583333335,10.915469769965279,39.39722864583334,8.058172222222222,760.0,7.0,245.0,157.0,579.0,300.0
Sample165,MINION_MK1D,60,210379268,0,10,12.0,1800.0,3600.0,29906648.0,12564487.0,7094487.0,79410.0,11116.0,68046.0,0.6391222146181179,0.13998236997859212,1130.3064951421375,104.26016224318843,376.6106031985896,0.6573446144817032,29906648.0,12564487.0,36078644.0,15518452.0,3.375,4.37972736,6.375,336.454071,403.329041,441.8284,35.54802271525065,0.0,32.22254322916667,7.885820833333334,11.742108832465279,42.45435154079861,5.695175564236111,760.0,7.0,245.0,157.0,579.0,300.0
Sample165,MINION_MK1D,120,210379268,0,10,12.0,1800.0,7200.0,67719257.0,31388022.0,13868066.0,146586.0,25057.0,121174.0,0.6935646315695692,0.170937197276684,1252.6648042463185,114.44753825077987,461.9762937797607,0.6682897894169157,33859628.5,15694011.0,38930378.0,19381262.0,3.375,4.53247643,6.375,348.090149,405.3255,437.781799,35.54810155232747,0.0,26.262100629340278,6.032394900173611,9.684371723090278,50.08853914930556,7.932593598090278,557.0,14.0,314.0,174.0,685.0,304.0
Sample166,MINION_MK1D,30,591908408,0,10,3.0,600.0,1800.0,95882589.0,92535820.0,5436475.0,40051.0,35220.0,4470.0,0.9445100780787058,0.8793787920401488,2627.365701306076,1216.2136465324386,2394.0123592419664,1.0217944260975265,191765178.0,185071640.0,228347148.0,221143152.0,14.125,20.375,23.125,377.309,398.733124,414.768951,35.18796157836914,0.0,47.274588867187504,19.514838020833334,9.226598567708335,20.032456380208334,3.9515181640625,1227.0,10.0,189.0,118.0,377.0,127.0
Sample166,MINION_MK1D,60,591908408,0,10,3.0,600.0,3600.0,207002858.0,199552325.0,10827480.0,83535.0,74392.0,8808.0,0.948533653218283,0.8905488717304124,2682.443340681794,1229.2779291553134,2478.037445382175,1.0163135283861637,207002858.0,199552325.0,217285242.0,207357012.0,13.875,19.625,22.875,375.528198,397.530518,414.504028,35.18672866821289,0.0,44.30626321614584,19.2148361328125,7.909694791666667,24.87954459635417,3.6896612630208336,1227.0,10.0,189.0,118.0,377.0,127.0
Sample166,MINION_MK1D,120,591908408,0,10,3.0,600.0,7200.0,417974362.0,390404764.0,22049448.0,168344.0,150180.0,17547.0,0.9465408586977893,0.8921018866131255,2599.578931948329,1256.5936057445717,2482.858682222117,0.986793089476622,208987181.0,195202382.0,222958542.0,208103532.0,14.125,20.125,22.875,376.048889,398.20163,413.395,35.18862648010254,0.0,44.65897154947917,18.668842838541668,7.325611328125,25.97658203125,3.369992252604167,1010.0,19.0,260.0,119.0,509.0,131.0
Sample167,MINION_MK1D,30,80797889,0,10,12.0,1800.0,1800.0,15722663.0,2077603.0,6943716.0,76158.0,4717.0,70994.0,0.23029925003206295,0.061937025657186374,440.4500741997032,97.80708228864411,206.44795031382125,0.5737780552823654,31445326.0,4155206.0,,,3.375,4.4376049,6.125,346.297943,380.031067,405.800354,34.92617594401042,0.0,25.046101150173612,3.3500163845486113,11.529987847222223,51.54509763454861,8.528796983506945,671.0,23.0,210.0,108.0,916.0,120.0
Sample167,MINION_MK1D,60,80797889,0,10,12.0,1800.0,3600.0,35865139.0,5247037.0,14508695.0,154208.0,10694.0,143072.0,0.26559567623209307,0.06934789375389085,490.652421918833,101.4083468463431,232.5763838451961,0.5508338333778658,35865139.0,5247037.0,40284952.0,6338868.0,3.53832245,4.45786428,6.125,367.124268,399.546417,423.192749,35.58827438354492,0.0,24.70660275607639,3.2001816406250003,12.377997829861112,53.44452827690972,6.270689496527778,671.0,23.0,210.0,108.0,916.0,120.0
Sample167,MINION_MK1D,120,80797889,0,10,12.0,1800.0,7200.0,65517461.0,12327046.0,25247526.0,261876.0,22297.0,239304.0,0.32806883335890025,0.08514335028792253,552.8567071803382,105.50398656102698,250.18505323130032,0.5735047028150252,32758730.5,6163523.0,24462648.0,6550702.0,3.625,4.6979928,6.45614576,370.325043,399.298462,422.216034,35.677107365926105,0.0,18.155971614583333,3.059585004340278,10.22856974826389,61.16175670572917,7.394116927083334,450.0,31.0,275.0,110.0,1082.0,100.0
Sample168,MINION_MK1D,30,333446077,0,10,12.0,1800.0,1800.0,19279280.0,4059816.0,8941321.0,110893.0,3793.0,106654.0,0.3122662271769,0.03420414273218328,1070.3443184814132,83.83483976222176,173.85479696644512,0.6743580154445602,38558560.0,8119632.0,,,3.375,4.625,6.125,383.371063,403.480835,418.68988,34.939642588297524,0.0,55.41031282552083,6.521331228298611,11.36592777777778,17.74329353298611,8.959134635416667,1626.0,4.0,138.0,6.0,187.0,87.0
Sample168,MINION_MK1D,60,333446077,0,10,12.0,1800.0,3600.0,42983413.0,11233982.0,17125483.0,208551.0,8465.0,199573.0,0.3961281357035473,0.04058959199428437,1327.109509746013,85.81062067514142,206.10504385018533,0.6597769469818509,42983413.0,11233982.0,47408266.0,14348332.0,3.375,4.20784426,6.125,367.379578,395.598572,412.06662,34.73689257303874,0.0,55.64024440104167,7.601225889756945,13.876710134548611,15.633205381944444,7.248614192708334,1626.0,4.0,138.0,6.0,187.0,87.0
Sample168,MINION_MK1D,120,333446077,0,10,12.0,1800.0,7200.0,91946430.0,31370585.0,29678085.0,353118.0,19246.0,333450.0,0.5138618908487278,0.05450302731664769,1629.9794762548063,89.00310391363023,260.38443239936794,0.6639591118437116,45973215.0,15685292.5,47166162.0,20503204.0,3.375,4.45899153,6.29396915,376.197906,401.665894,417.116913,34.81635258992513,0.0,46.81811263020833,9.651170703125,13.389142491319445,20.252588953993058,9.888985221354167,1296.0,25.0,232.0,10.0,396.0,89.0
Sample169,MINION_MK1D,30,864069351,0,10,3.0,600.0,1800.0,110376452.0,108018859.0,7289997.0,53945.0,46990.0,6744.0,0.9367785159537095,0.8710723885438872,2298.762694190253,1080.960409252669,2046.0923533228288,1.0446871040935435,220752904.0,216037718.0,285272472.0,281897736.0,13.375,19.375,22.125,376.763367,400.801483,417.574341,34.92590065002442,0.0,59.703586458333334,20.940607161458335,7.475987825520834,7.509662174479167,4.370156380208334,1556.0,1.0,93.0,31.0,326.0,41.0
Sample169,MINION_MK1D,60,864069351,0,10,3.0,600.0,3600.0,260295034.0,252787608.0,15673808.0,117521.0,103627.0,13571.0,0.9416161613332175,0.8817743211851499,2439.3990755305085,1154.9486404833838,2214.881034027961,1.0313735605113388,260295034.0,252787608.0,297808698.0,288796866.0,13.625,19.125,22.125,375.091492,399.991394,417.512329,34.928265762329104,0.0,60.933074348958336,18.321910156250002,8.09960625,8.423389583333334,4.222019661458334,1556.0,1.0,93.0,31.0,326.0,41.0
Sample169,MINION_MK1D,120,864069351,0,10,3.0,600.0,7200.0,569390666.0,544685135.0,33813456.0,252633.0,223584.0,28698.0,0.9415496311900265,0.8850150217905024,2436.1543536210106,1178.251306711269,2253.8253751489315,1.015995915535433,284695333.0,272342567.5,333445506.0,322714230.0,13.625,19.625,22.125,376.805725,399.663849,417.483337,34.924716567993165,0.0,64.51826842447917,15.375588867187501,7.58589453125,8.383241341145833,4.1370068359375,1434.0,15.0,138.0,31.0,384.0,46.0
Sample170,MINION_MK1D,30,243685364,0,10,3.0,600.0,1800.0,30478689.0,24907349.0,2856859.0,41551.0,31382.0,9597.0,0.8971028094876684,0.7552646145700465,793.6826524759416,297.68250494946335,733.5248008471517,0.9109383937084695,60957378.0,49814698.0,84176244.0,66692148.0,6.875,14.375,18.625,368.75708,396.878021,421.594086,35.1871997833252,0.0,36.4129888671875,4.786512500000001,9.2875716796875,44.19756315104167,5.315363802083334,814.0,16.0,200.0,70.0,911.0,37.0
Sample170,MINION_MK1D,60,243685364,0,10,3.0,600.0,3600.0,77931253.0,62967923.0,6953837.0,97660.0,75469.0,21537.0,0.9005483128571135,0.7727728855211959,834.3548079343836,322.8786274782932,797.9853880810977,0.8972236080946883,77931253.0,62967923.0,100669206.0,78987672.0,10.375,14.625,18.875,366.433838,396.671783,420.593872,35.187150192260745,0.0,36.27484713541667,4.089723893229167,8.551140625,46.347353125000005,4.736935221354167,814.0,16.0,200.0,70.0,911.0,37.0
Sample170,MINION_MK1D,120,243685364,0,10,3.0,600.0,7200.0,187813680.0,147720345.0,15648289.0,215092.0,170078.0,44289.0,0.904214850691596,0.7907221096089115,868.5446971389598,353.32224705908914,873.1783608874342,0.8698441668359834,93906840.0,73860172.5,111731964.0,94450620.0,11.125,15.375,19.125,370.215118,400.274139,422.865265,35.18668403625488,0.0,36.24808059895833,4.121349153645833,9.091212434895834,45.74809407552083,4.791263736979167,727.0,15.0,244.0,84.0,934.0,44.0
Sample172,MINION_MK1D,30,769417951,0,10,12.0,1800.0,1800.0,20652431.0,16192452.0,2499186.0,34260.0,14477.0,19214.0,0.8662939010481585,0.42256275539988325,1118.4949920563652,130.07109399396273,602.8146818447169,0.9050575208313248,41304862.0,32384904.0,,,3.2799561,4.53232479,6.125,376.019073,401.011078,418.845551,34.93892364501953,0.0,45.509468945312506,18.725916167534724,9.064482161458335,19.61122424045139,7.0889084852430555,1388.0,3.0,91.0,22.0,473.0,71.0
Sample172,MINION_MK1D,60,769417951,0,10,12.0,1800.0,3600.0,50544224.0,41284523.0,5230007.0,72765.0,35530.0,36959.0,0.8875618650774285,0.48828420256991684,1161.9623698283142,141.50834708731296,694.6227444513158,0.9202738971717125,50544224.0,41284523.0,59783586.0,50184142.0,3.20753622,4.29013062,19.2120857,377.192169,400.922241,418.226685,34.938363774617514,0.0,46.56107847222223,21.6484046875,9.996414583333333,16.9207515625,4.8733506944444445,1388.0,3.0,91.0,22.0,473.0,71.0
Sample172,MINION_MK1D,120,769417951,0,10,12.0,1800.0,7200.0,120506875.0,97799017.0,10629588.0,149810.0,81416.0,68678.0,0.9019669394437012,0.5434617181763567,1201.2260120860765,154.7742799732083,804.3980708897938,0.8997711126439881,60253437.5,48899508.5,69956200.0,57514220.0,3.125,4.40222597,20.5598354,377.979584,402.853638,420.254456,34.93937555948893,0.0,40.47309279513889,19.86050004340278,9.410062131076389,22.94413296440972,7.312212065972223,1128.0,54.0,200.0,22.0,562.0,82.0
Sample173,MINION_MK1D,30,44819254,0,10,12.0,1800.0,1800.0,2927743.0,1139279.0,554847.0,7400.0,1783.0,5174.0,0.6724877606506245,0.24094594594594596,638.967470555244,107.23753382296096,395.64094594594593,0.5786457349569276,5855486.0,2278558.0,,,3.125,4.125,6.125,365.866333,389.798553,409.763672,34.92510045369466,0.0,17.728835069444447,16.191617903645835,5.5470729817708335,55.05025939670139,5.4822146484375,458.0,91.0,212.0,273.0,829.0,185.0
Sample173,MINION_MK1D,60,44819254,0,10,12.0,1800.0,3600.0,6021978.0,2547503.0,1229311.0,14805.0,3827.0,10554.0,0.674511109098833,0.2584937521107734,665.6657956623988,116.47820731476217,406.75298885511654,0.6271716701721594,6021978.0,2547503.0,6188470.0,2816448.0,3.125,4.21221781,6.125,364.643219,389.486877,410.506409,34.925883229573564,0.0,15.555361024305556,15.780605533854168,6.329245073784723,58.649816796875,3.6849715711805557,458.0,91.0,212.0,273.0,829.0,185.0
Sample173,MINION_MK1D,120,44819254,0,10,12.0,1800.0,7200.0,13152928.0,6035001.0,2288493.0,28939.0,8633.0,19727.0,0.7250562083663423,0.29831714986696156,699.0618556701031,116.00816140315304,454.5052697052421,0.632824417498522,6576464.0,3017500.5,8313348.0,3858674.0,2.77886724,3.93738031,6.18738031,374.903198,404.196411,424.50766,35.31297353108724,0.0,12.488553450520834,13.317142447916668,5.742589583333333,63.602298936631946,4.849415581597222,326.0,79.0,248.0,310.0,905.0,180.0
Sample177,MINION_MK1D,30,346774310,0,10,12.0,1800.0,1800.0,38962853.0,5213890.0,20771833.0,229359.0,5278.0,223940.0,0.20064440770033606,0.023011959417332653,987.8533535430087,92.75624274359204,169.87714892373964,0.6669358375784238,77925706.0,10427780.0,,,3.625,4.46785784,6.125,377.862488,405.630585,421.483856,34.85909258524577,0.0,48.604368359375,3.807658051215278,12.924076888020833,25.083754947916667,9.580141753472223,1463.0,4.0,170.0,41.0,281.0,89.0
Sample177,MINION_MK1D,60,346774310,0,10,12.0,1800.0,3600.0,82524107.0,13485190.0,41271035.0,453564.0,11365.0,441969.0,0.24627683884343743,0.02505710329743983,1186.5543334799825,93.37993162416369,181.94589297210538,0.6635179342201183,82524107.0,13485190.0,87122508.0,16542600.0,3.625,4.54303217,6.125,366.632172,397.767487,414.975128,34.61822255452474,0.0,49.234820638020835,4.079390234375,15.085014756944446,23.72690627170139,7.873868098958334,1463.0,4.0,170.0,41.0,281.0,89.0
Sample177,MINION_MK1D,120,346774310,0,10,12.0,1800.0,7200.0,168953694.0,32826054.0,77563484.0,842094.0,24192.0,817627.0,0.297365625354823,0.02872838424213924,1356.8970734126983,94.86414220665414,200.63519512073475,0.6533715563508188,84476847.0,16413027.0,81451566.0,19147660.0,3.625,4.375,6.125,377.537079,399.160553,415.156189,34.67250086466471,0.0,43.86685870225695,2.954648090277778,14.709297178819446,26.1892685546875,12.279927473958335,1247.0,19.0,233.0,48.0,426.0,75.0
Sample179,MINION_MK1D,30,1838356175,0,10,12.0,1800.0,1800.0,79740826.0,62577354.0,12104219.0,243490.0,162896.0,81729.0,0.8379222810424735,0.669004887264364,384.1552524309989,148.10188549963905,327.49117417553083,0.9365537924074175,159481652.0,125154708.0,,,3.625,4.625,19.9230843,367.200867,396.284027,420.961945,35.06727244059245,0.0,42.38110401475695,2.961347048611111,7.608625716145833,40.65800588107639,6.3909173394097225,758.0,49.0,337.0,160.0,664.0,80.0
Sample179,MINION_MK1D,60,1838356175,0,10,12.0,1800.0,3600.0,176019871.0,141825930.0,24454355.0,516758.0,364572.0,156277.0,0.8529329258727215,0.7054985118759651,389.0203581185609,156.480832112211,340.62340786209404,0.9446676903882062,176019871.0,141825930.0,192558090.0,158497152.0,3.625,12.2402849,21.2905502,370.346741,398.351959,422.091461,35.17886632283528,0.0,45.16646282552084,2.4605381293402777,7.457836046006944,41.03015084635417,3.885012152777778,758.0,49.0,337.0,160.0,664.0,80.0
Sample179,MINION_MK1D,120,1838356175,0,10,12.0,1800.0,7200.0,370378888.0,300885885.0,46573481.0,1024829.0,759183.0,276556.0,0.8659599206198978,0.7407899269048788,396.32853343660224,168.40524523062237,361.405549608764,0.9381187137210694,185189444.0,150442942.5,196599484.0,158385992.0,4.06052637,15.8462925,21.4673462,368.426361,395.736877,418.81781,35.17916437784831,0.0,41.18439444444444,2.328690668402778,7.434082660590279,43.20483226996528,5.8479999565972225,656.0,49.0,358.0,174.0,733.0,78.0
Sample183,MINION_MK1D,30,51151369,0,10,12.0,1800.0,1800.0,19755628.0,1007559.0,10365767.0,77167.0,1234.0,75909.0,0.08858965266624733,0.015991291614291085,816.4983792544571,136.5551779103927,256.01135200279913,0.5757005547988654,39511256.0,2015118.0,,,3.55703306,4.375,5.875,338.092468,387.868744,411.367249,34.938338088989255,0.0,18.209377907986113,1.823057855902778,7.066285568576389,67.64625323350695,5.255025434027778,307.0,74.0,370.0,500.0,730.0,67.0
Sample183,MINION_MK1D,60,51151369,0,10,12.0,1800.0,3600.0,42525300.0,2569462.0,21487343.0,148949.0,2593.0,146471.0,0.10680811520898141,0.017408643226876314,990.9224836097185,146.70032293081908,285.50242029150917,0.5657057093071653,42525300.0,2569462.0,45539344.0,3123806.0,3.4540031,4.20400333,5.79599667,352.343872,391.78833,414.320892,34.93832359313965,0.0,17.086679427083332,1.3895017795138889,7.5719771484375,70.47772276475695,3.4741188802083336,307.0,74.0,370.0,500.0,730.0,67.0
Sample183,MINION_MK1D,120,51151369,0,10,12.0,1800.0,7200.0,82954276.0,6514484.0,39673966.0,273645.0,5414.0,268564.0,0.14104140753803168,0.01978475762392881,1203.2663465090507,147.72629987637956,303.1455937437191,0.55679408256182,41477138.0,3257242.0,34008974.0,4077456.0,3.46355581,4.21355581,5.96831465,351.346893,394.36087,417.803162,35.192261632283525,0.0,14.325801844618056,1.7277223958333334,6.72902873263889,72.04891184895834,5.168535177951389,248.0,41.0,399.0,507.0,784.0,69.0
Sample184,MINION_MK1D,30,4565090141,0,10,12.0,1800.0,1800.0,197844640.0,195002478.0,13798598.0,204634.0,189875.0,15400.0,0.9339151010888469,0.9278761105192685,1027.0044924292297,896.0128571428571,966.8219357487026,1.0553789882809057,395689280.0,390004956.0,,,15.0012112,19.0012112,22.9692574,375.527,403.126801,426.051727,34.662823867797854,0.0,60.99156666666667,15.144756879340278,3.9157251736111114,15.820130273437501,4.127821006944445,1169.0,10.0,250.0,146.0,303.0,170.0
Sample184,MINION_MK1D,60,4565090141,0,10,12.0,1800.0,3600.0,436460169.0,427923050.0,29978455.0,435458.0,404649.0,32585.0,0.934530778622359,0.9292492042860621,1057.5166378762829,920.0078256866657,1002.3014136839834,1.0491255274201208,436460169.0,427923050.0,477231058.0,465841144.0,15.374999,19.0419197,22.875,371.082489,397.843781,420.065369,34.43696149190267,0.0,71.8713593967014,12.259228125,2.753290690104167,12.17772421875,0.9383975694444445,1169.0,10.0,250.0,146.0,303.0,170.0
Sample184,MINION_MK1D,120,4565090141,0,10,12.0,1800.0,7200.0,882511356.0,863231016.0,59591074.0,847374.0,788721.0,62795.0,0.9354251760488308,0.9307826296298919,1094.469420745739,948.978007803169,1041.466171961849,1.0456772977774578,441255678.0,431615508.0,415891520.0,403388826.0,15.5584402,19.4918804,23.1250019,370.142578,397.270355,418.429443,34.4364559173584,0.0,63.56154756944445,9.926135894097223,2.9665129991319446,19.32720412326389,4.2185994140625,1066.0,30.0,267.0,143.0,349.0,193.0
Sample185,MINION_MK1D,30,600650569,0,10,12.0,1800.0,1800.0,23228814.0,9413210.0,7731592.0,88636.0,7100.0,81203.0,0.5490416278939821,0.08010289272981633,1325.8042253521128,95.21313251973449,262.0697459271628,0.7380833993504791,46457628.0,18826420.0,,,3.375,4.21292067,6.125,375.3284,398.363495,415.843658,34.924926884969075,0.0,45.911919639756945,4.559264670138889,13.241969270833334,26.48261037326389,9.804236046006945,1269.0,2.0,150.0,24.0,535.0,68.0
Sample185,MINION_MK1D,60,600650569,0,10,12.0,1800.0,3600.0,53978925.0,26588792.0,15919067.0,175879.0,18179.0,157261.0,0.6255029687569068,0.10336083330016659,1462.6102645910116,101.22704930020794,306.9094377384452,0.7874899138876885,53978925.0,26588792.0,61500222.0,34351164.0,3.375,4.375,6.125,373.762299,397.531281,415.35556,34.92647082010905,0.0,50.77343205295139,4.894642404513889,13.2404603515625,23.969675716145833,7.1217894748263895,1269.0,2.0,150.0,24.0,535.0,68.0
Sample185,MINION_MK1D,120,600650569,0,10,12.0,1800.0,7200.0,113497443.0,63193026.0,28273449.0,299235.0,40209.0,259127.0,0.690887300510925,0.1343726502581583,1571.6139670223085,109.110393745152,379.29200461176,0.8058901820369645,56748721.5,31596513.0,48678868.0,30974190.0,3.125,4.125,6.125,375.123627,399.742676,417.313263,34.92831090291341,0.0,45.23435453559028,6.106131467013889,11.257699305555557,28.14342582465278,9.2583888671875,1098.0,15.0,195.0,25.0,640.0,75.0
Sample187,MINION_MK1D,30,6631564,0,10,12.0,1800.0,1800.0,10580878.0,2074795.0,4579185.0,60730.0,3174.0,57412.0,0.31181262943381255,0.05226411987485592,653.684625078765,79.76006758169024,174.22819035073275,0.6288684171578199,21161756.0,4149590.0,,,3.21785331,4.21785355,6.01880503,341.167572,395.364929,442.07077,34.8996634165446,0.0,34.118163650173614,5.176732703993056,9.463038194444445,43.76284411892361,7.479221332465278,754.0,81.0,333.0,48.0,729.0,103.0
Sample187,MINION_MK1D,60,6631564,0,10,12.0,1800.0,3600.0,32526861.0,4055510.0,11520039.0,106171.0,5452.0,100773.0,0.26037669683424963,0.05135112224618776,743.8573000733676,114.31672174094251,306.36295221859075,0.478851894131438,32526861.0,4055510.0,43891966.0,3961430.0,2.8399663,3.71814275,5.50485563,284.805,385.212067,434.390717,34.875,0.0,24.192462369791667,3.2856804253472225,20.18542565104167,46.550849370659726,5.785582183159723,754.0,81.0,333.0,48.0,729.0,103.0
Sample187,MINION_MK1D,120,6631564,0,10,12.0,1800.0,7200.0,93605268.0,5123775.0,30505401.0,159775.0,5964.0,154180.0,0.14380840578519133,0.03732749178532311,859.1172032193159,197.85575950188093,585.8567861054609,0.3806321669844479,46802634.0,2561887.5,67162066.0,1170558.0,2.375,3.17959642,4.125,178.847397,195.244232,205.420746,34.875,0.0,17.14332072482639,0.7008672526041667,12.640730078125001,63.493793098958335,6.0212888454861115,321.0,35.0,558.0,50.0,1023.0,61.0
Sample188,MINION_MK1D,30,272805847,0,10,12.0,1800.0,1800.0,23080750.0,3290486.0,11730490.0,136462.0,5168.0,131110.0,0.21905940066743998,0.03787134880039864,636.703947368421,89.47059720845093,169.1368293004646,0.650801035494947,46161500.0,6580972.0,,,3.46824026,4.46824026,6.125,366.089142,398.462982,419.161652,34.93993097941081,0.0,48.596297547743056,7.622846180555556,12.768409722222223,22.05250260416667,8.959943945312501,1396.0,11.0,268.0,23.0,183.0,167.0
Sample188,MINION_MK1D,60,272805847,0,10,12.0,1800.0,3600.0,51540830.0,9254448.0,23416609.0,267801.0,12109.0,255552.0,0.28326135882288717,0.04521641069301459,764.261953918573,91.6314840032557,192.45943816490603,0.6338869009288364,51540830.0,9254448.0,56920160.0,11927924.0,3.46306443,4.46306419,6.125,371.919434,401.151672,420.669067,34.93800379435221,0.0,50.590655881076394,8.147457248263889,13.39316701388889,21.267016644965278,6.601703211805556,1396.0,11.0,268.0,23.0,183.0,167.0
Sample188,MINION_MK1D,120,272805847,0,10,12.0,1800.0,7200.0,103738424.0,25150578.0,41619522.0,482087.0,27402.0,454486.0,0.3766742598857872,0.056840362839072615,917.8373111451718,91.57492640037317,215.18610541250854,0.6436390435235453,51869212.0,12575289.0,50836912.0,16502310.0,3.375,4.53431702,6.21568298,373.155426,400.352966,418.044312,34.93954620361328,0.0,44.30630868055556,8.485593489583334,12.068788975694446,26.485390885416667,8.653917968750001,1068.0,15.0,391.0,22.0,378.0,174.0
Sample189,MINION_MK1D,30,14587970,0,10,12.0,1800.0,1800.0,2710874.0,203695.0,1110293.0,10651.0,471.0,9111.0,0.15502044158698558,0.04422119988733452,432.4734607218684,121.86291296235319,254.51826119613182,0.48471009718636865,5421748.0,407390.0,,,3.0647521,4.0647521,5.6852479,375.80957,393.634674,407.629211,34.93940035502116,0.0,5.42376640625,1.0473282118055556,2.1907989800347223,88.42472903645833,2.913377365451389,86.0,37.0,266.0,559.0,1063.0,37.0
Sample189,MINION_MK1D,60,14587970,0,10,12.0,1800.0,3600.0,5240953.0,581001.0,2139038.0,22065.0,1151.0,19760.0,0.2136002461729409,0.05216406072966236,504.7793223284101,108.25091093117409,237.52336279175165,0.5189970221064757,5240953.0,581001.0,5060158.0,754612.0,3.125,4.04466105,5.71013737,360.659546,384.462372,405.62027,34.937395604451496,0.0,4.897663020833334,0.8346107421875001,1.8304836805555555,91.45035078125001,0.9868917751736112,86.0,37.0,266.0,559.0,1063.0,37.0
Sample189,MINION_MK1D,120,14587970,0,10,12.0,1800.0,7200.0,10769924.0,1486105.0,4516043.0,46811.0,2612.0,42878.0,0.24759552746783317,0.055798850697485636,568.9529096477795,105.32307943467512,230.0725043259063,0.5573064396740404,5384962.0,743052.5,6178696.0,1028686.0,2.875,3.87791705,5.71699953,356.455536,386.181,405.232605,34.93895670572917,0.0,5.6735009114583335,1.2783797960069445,2.701817578125,87.66108062065973,2.68522109375,97.0,25.0,266.0,597.0,1024.0,39.0
Sample190,MINION_MK1D,30,815930621,0,10,12.0,1800.0,1800.0,16557087.0,8669972.0,4020576.0,49901.0,6140.0,43305.0,0.6831834212360254,0.12304362638023286,1412.0475570032572,92.84322826463458,331.7987014288291,0.7664722665285264,33114174.0,17339944.0,,,3.53915262,4.80119658,6.53465128,385.696716,409.328217,426.504486,34.7948299407959,0.0,46.901205815972226,6.88985900607639,14.46459787326389,20.927241644965278,10.817095659722222,1508.0,1.0,147.0,74.0,265.0,53.0
Sample190,MINION_MK1D,60,815930621,0,10,12.0,1800.0,3600.0,42594569.0,24238890.0,8015313.0,99627.0,15388.0,83845.0,0.7514955492777173,0.1544561213325705,1575.1813101117755,95.59679169896833,427.5404157507503,0.7572374543806277,42594569.0,24238890.0,52074964.0,31137836.0,3.375,4.70930195,6.54069805,373.886597,397.746338,413.347198,34.313131713867186,0.0,49.11396295572917,7.253850412326389,15.577448632812501,19.2033595703125,8.851378428819444,1508.0,1.0,147.0,74.0,265.0,53.0
Sample190,MINION_MK1D,120,815930621,0,10,12.0,1800.0,7200.0,116055112.0,72851139.0,16585821.0,194270.0,41016.0,152735.0,0.8145529432127389,0.21112884130334073,1776.1639116442364,108.59214325465676,597.3908066093582,0.7706421411234345,58027556.0,36425569.5,79835750.0,52401044.0,3.375,4.71868467,6.625,374.561951,395.901825,411.246918,34.31269162495931,0.0,46.374959548611116,7.146037608506945,12.89716174045139,21.193417252604167,12.38842384982639,1224.0,21.0,270.0,72.0,405.0,56.0
Sample191,MINION_MK1D,30,44836998,0,10,12.0,1800.0,1800.0,4138200.0,1193625.0,1259769.0,14712.0,765.0,13655.0,0.48651989855685635,0.05199836867862969,1560.2941176470588,92.25697546686196,281.28058727569334,0.5928650137741047,8276400.0,2387250.0,,,2.875,3.96523261,5.78476763,367.568695,392.702271,413.121735,34.92741381327311,0.0,16.068846180555557,5.2496116970486115,7.045965798611111,65.13325091145833,6.502325412326389,323.0,60.0,368.0,131.0,1084.0,82.0
Sample191,MINION_MK1D,60,44836998,0,10,12.0,1800.0,3600.0,8740864.0,2800460.0,2600430.0,28403.0,1679.0,26085.0,0.5185182442153052,0.059113473928810334,1667.933293627159,99.69062679700977,307.7443931979016,0.6178897189110825,8740864.0,2800460.0,9205328.0,3213670.0,2.79910231,3.79220915,5.70779085,368.435272,394.539825,414.983,34.92593905131022,0.0,13.966891059027779,5.018444270833333,6.910221875,70.19064225260416,3.913800542534722,323.0,60.0,368.0,131.0,1084.0,82.0
Sample191,MINION_MK1D,120,44836998,0,10,12.0,1800.0,7200.0,19353770.0,7198019.0,5334908.0,50019.0,3876.0,45535.0,0.5743286464526602,0.07749055358963594,1857.0740454076367,117.16060173492917,386.9283672204562,0.6475703183410777,9676885.0,3599009.5,13142988.0,4944260.0,2.625,3.80514336,5.625,368.392395,399.90567,424.175323,35.18756663004557,0.0,11.734709027777779,5.008417881944444,6.893403450520833,70.81103333333334,5.552436306423611,276.0,33.0,397.0,147.0,1120.0,75.0
Sample192,MINION_MK1D,30,59191516,0,10,3.0,600.0,1800.0,6696586.0,6322608.0,249554.0,5326.0,4187.0,835.0,0.9620286292395105,0.7861434472399549,1510.0568426080727,298.86706586826347,1257.3387157341344,0.9814197861417744,13393172.0,12645216.0,16867500.0,16197336.0,11.125,18.625,22.375,354.396637,394.079163,421.63504,35.16419563293457,0.0,5.401263997395834,6.3847848958333335,1.6634454427083334,85.93768756510417,0.6128180989583334,117.0,21.0,381.0,862.0,251.0,416.0
Sample192,MINION_MK1D,60,59191516,0,10,3.0,600.0,3600.0,16314123.0,15369543.0,592634.0,11023.0,8986.0,1744.0,0.9628726081661668,0.815204572258006,1710.3876029379035,339.8130733944954,1480.007529710605,0.9784269126817298,16314123.0,15369543.0,19013412.0,18547116.0,11.375,17.125,22.125,367.723083,398.62204,422.964966,35.1787109375,0.0,4.999395572916667,4.746899609375,1.4022263671875002,88.36457389322918,0.4869045572916667,117.0,21.0,381.0,862.0,251.0,416.0
Sample192,MINION_MK1D,120,59191516,0,10,3.0,600.0,7200.0,39231221.0,36223664.0,1233173.0,23333.0,19568.0,3443.0,0.967077492421477,0.8386405520078858,1851.1684382665576,358.1681672959628,1681.362062315176,0.9547711247631064,19615610.5,18111832.0,26376804.0,25615944.0,12.375,18.375,22.125,364.660095,398.685791,420.555817,35.174977493286136,0.0,6.198079817708334,4.6534041015625,1.3298576822916668,87.39171490885417,0.42694348958333334,103.0,10.0,372.0,864.0,282.0,417.0
Sample194,MINION_MK1D,30,241325598,0,10,36.0,1800.0,1800.0,20722916.0,8754164.0,7311397.0,94357.0,21305.0,72726.0,0.5449024780398269,0.22579140922242122,410.8971602910115,100.5334680856915,219.62245514376252,0.7752558085937327,41445832.0,17508328.0,,,2.625,4.125,5.875,401.972626,423.103058,442.590851,34.928229268391924,0.0,49.06800221354167,7.609117078993056,5.019677517361111,30.021380772569447,8.281822417534723,1014.0,17.0,325.0,230.0,322.0,140.0
Sample194,MINION_MK1D,60,241325598,0,10,36.0,1800.0,3600.0,41835360.0,18445723.0,14504380.0,188725.0,45236.0,142721.0,0.5598077493111326,0.23969267452642734,407.76644707754883,101.62751101800015,221.6736521393562,0.7876137076387056,41835360.0,18445723.0,42224888.0,19383118.0,2.625,4.125,5.875,417.093689,430.643097,458.350098,34.925390625,0.0,50.30296295572917,8.991182921006946,4.640827387152778,30.535466514756944,5.529560221354167,1014.0,17.0,325.0,230.0,322.0,140.0
Sample194,MINION_MK1D,120,241325598,0,10,36.0,1800.0,7200.0,81776811.0,38141414.0,27291158.0,362306.0,93116.0,268437.0,0.582911733929701,0.2570092684084724,409.61181751793464,101.66690135860556,225.7119975931947,0.8001360189993224,40888405.5,19070707.0,40580754.0,20147004.0,2.625,4.125,5.875,396.896301,422.078888,450.39679,34.92817866007487,0.0,46.74211957465278,7.623780642361112,4.147449327256945,34.43416996527778,7.052480490451389,879.0,25.0,385.0,231.0,395.0,133.0
Sample195,MINION_MK1D,30,24436203,0,10,12.0,1800.0,1800.0,6834979.0,684552.0,2682810.0,26957.0,736.0,23480.0,0.20329029073797233,0.02730274140297511,930.0978260869565,114.25936967632028,253.55117409207256,0.49266603452622165,13669958.0,1369104.0,,,2.875,3.875,5.375,373.100189,401.414734,422.927307,34.93900438944499,0.0,13.099065711805556,3.7818977864583334,4.453733615451389,74.56824398871528,4.097058897569445,211.0,84.0,511.0,436.0,712.0,94.0
Sample195,MINION_MK1D,60,24436203,0,10,12.0,1800.0,3600.0,14090440.0,1806813.0,5778064.0,50095.0,1695.0,46576.0,0.2382125642907591,0.03383571214692085,1065.966371681416,124.05668155273102,281.274378680507,0.5382995137128436,14090440.0,1806813.0,14510922.0,2244522.0,2.875,3.79305387,5.4569459,380.907776,403.001465,426.994019,34.93913358052571,0.0,11.866841319444445,4.015812087673611,3.8755411458333335,78.34813363715278,1.8936718098958334,211.0,84.0,511.0,436.0,712.0,94.0
Sample195,MINION_MK1D,120,24436203,0,10,12.0,1800.0,7200.0,28267092.0,4427927.0,10485022.0,84044.0,3642.0,77592.0,0.29691826881457184,0.04333444386273857,1215.7954420647995,135.1301938344159,336.3368235686069,0.527572804446952,14133546.0,2213963.5,13360164.0,2708490.0,2.875,3.875,5.80840302,372.352509,397.89212,417.063049,34.93752988179525,0.0,10.542586219618055,3.9446146484375,4.025404644097223,77.8687424045139,3.6186520833333335,186.0,36.0,527.0,442.0,766.0,91.0
Sample196,MINION_MK1D,30,1955339426,0,10,6.0,1800.0,1800.0,118321410.0,122376094.0,4458514.0,55085.0,48843.0,4512.0,0.9648478118842769,0.8866842153036216,2505.499129865078,988.1458333333334,2147.9787600980303,1.0719497680090189,236642820.0,244752188.0,,,14.6996803,18.7066479,22.2581196,391.817,417.647675,438.980621,34.38403434753418,0.0,57.122060069444444,13.559659092881946,9.932400542534722,12.068604427083335,7.317275868055556,1514.0,4.0,179.0,21.0,251.0,79.0
Sample196,MINION_MK1D,60,1955339426,0,10,6.0,1800.0,3600.0,274940112.0,281558551.0,10516928.0,124038.0,112622.0,9747.0,0.9639924308743494,0.9079636885470581,2500.0315302516383,1078.9912793680107,2216.579693319789,1.0623239980348884,274940112.0,281558551.0,313237404.0,318364914.0,15.040801,19.0416889,22.625,385.127502,409.724152,428.305115,33.94520098368327,0.0,64.85250711805556,12.77856232638889,10.270021918402778,8.076870768229167,4.022037868923611,1514.0,4.0,179.0,21.0,251.0,79.0
Sample196,MINION_MK1D,120,1955339426,0,10,6.0,1800.0,7200.0,602152062.0,602366173.0,22958771.0,264949.0,242923.0,20245.0,0.9632850548818024,0.9168670196905819,2479.658875446129,1134.046480612497,2272.7093214165743,1.0384834387563717,301076031.0,301183086.5,323421952.0,313953854.0,14.811533,19.4057751,22.7172909,386.363739,411.646484,431.367371,33.94594904581706,0.0,58.67209290364583,11.697335199652779,8.406958723958335,12.77419904513889,8.449414127604166,1371.0,21.0,275.0,23.0,293.0,65.0
Sample198,MINION_MK1D,30,190501978,0,10,3.0,600.0,1800.0,49660132.0,47799665.0,2553645.0,15638.0,13201.0,1627.0,0.9492854590889854,0.8441616575009592,3620.912430876449,1569.542102028273,3175.6063435221895,1.0139584405454258,99320264.0,95599330.0,105217188.0,106442856.0,15.125,19.375,21.625,377.720703,402.079285,421.324188,34.93887023925781,0.0,20.15608756510417,14.316975846354167,9.134715950520834,52.94670052083334,3.4455201171875003,573.0,35.0,610.0,150.0,589.0,91.0
Sample198,MINION_MK1D,60,190501978,0,10,3.0,600.0,3600.0,90306353.0,88840769.0,5232729.0,28035.0,24396.0,2999.0,0.9443761621365456,0.8701979668271803,3641.612108542384,1744.8246082027342,3221.2003923666844,1.0417151714675046,90306353.0,88840769.0,72210216.0,65937312.0,14.875,19.375,21.375,373.617706,399.12442,418.839691,34.940788650512694,0.0,13.331493294270834,11.74471484375,5.996698502604167,66.61241490885416,2.3146784505208333,573.0,35.0,610.0,150.0,589.0,91.0
Sample198,MINION_MK1D,120,190501978,0,10,3.0,600.0,7200.0,152355921.0,150357142.0,8878293.0,47382.0,41835.0,4796.0,0.9442442380993904,0.8829302266683551,3594.0514401816663,1851.1870308590492,3215.481005445106,1.0451542280394865,76177960.5,75178571.0,75883986.0,73760880.0,15.375,19.375,22.125,372.39,396.701843,416.914246,34.93629379272461,0.0,13.774796549479168,10.141750651041667,6.432075846354167,67.29730358072916,2.3540733723958334,316.0,60.0,635.0,170.0,771.0,96.0
Sample199,MINION_MK1D,30,82538014,0,10,12.0,1800.0,1800.0,14028255.0,1441856.0,6537498.0,82701.0,2952.0,73483.0,0.18069833723381618,0.03569485254108173,488.43360433604335,88.96612822013255,169.62618348024813,0.5688058849799922,28056510.0,2883712.0,,,3.125,4.06038427,5.875,369.709717,397.667664,420.558746,34.938284174601236,0.0,32.37630974392361,6.295270486111112,8.510880555555556,46.14159444444444,6.6759447699652785,598.0,127.0,494.0,143.0,563.0,123.0
Sample199,MINION_MK1D,60,82538014,0,10,12.0,1800.0,3600.0,29186272.0,3544266.0,13456831.0,159828.0,6241.0,148435.0,0.2084727826680831,0.03904822684385715,567.9003364845378,90.6580725570115,182.61050629426634,0.582503205616668,29186272.0,3544266.0,30316034.0,4204820.0,3.125,3.95874405,5.875,365.277039,393.433075,413.993652,34.93867276509603,0.0,28.966500173611113,6.340279991319445,9.489611631944445,50.34041994357639,4.863188259548611,598.0,127.0,494.0,143.0,563.0,123.0
Sample199,MINION_MK1D,120,82538014,0,10,12.0,1800.0,7200.0,58258430.0,8629768.0,25093508.0,280159.0,12462.0,263997.0,0.25589945650594564,0.04448188350186858,692.4865992617557,95.05224680583491,207.9477368208767,0.5788565877933889,29129215.0,4314884.0,29112080.0,5442300.0,2.875,4.0520134,6.0520134,358.027222,395.001953,414.627075,35.04432678222656,0.0,24.752694335937502,5.932784874131944,9.3090990234375,53.179517578125,6.825904188368056,471.0,80.0,539.0,172.0,685.0,101.0
Sample200,MINION_MK1D,30,56627858,0,10,12.0,1800.0,1800.0,11352023.0,968239.0,4690775.0,49609.0,1697.0,42339.0,0.17109676703397447,0.03420750267088633,570.5592221567472,110.79087838635773,228.8299098953819,0.4985026897848956,22704046.0,1936478.0,,,2.875,3.875,6.125,374.713623,401.505341,418.41925,34.939854049682616,0.0,29.055436263020834,4.153542296006945,13.751043511284722,43.20732834201389,9.832649587673611,790.0,70.0,367.0,78.0,671.0,72.0
Sample200,MINION_MK1D,60,56627858,0,10,12.0,1800.0,3600.0,23854348.0,2645478.0,10449590.0,101098.0,3767.0,92904.0,0.20202094406840804,0.03726087558606501,702.2771436156092,112.47728838370791,235.95271914380106,0.5489593762948373,23854348.0,2645478.0,25004650.0,3354478.0,3.04173303,4.04173326,6.0436964,376.813477,401.28656,420.322083,34.936475118001304,0.0,26.974912087673612,3.1832692057291667,15.532851258680557,46.0036703125,8.305297135416668,790.0,70.0,367.0,78.0,671.0,72.0
Sample200,MINION_MK1D,120,56627858,0,10,12.0,1800.0,7200.0,50273274.0,6326544.0,20155299.0,190390.0,7722.0,176138.0,0.23890119732225587,0.04055885288092862,819.2882672882673,114.42902156263838,264.0541730132885,0.5267578753673373,25136637.0,3163272.0,24911586.0,3681226.0,3.125,4.125,5.875,377.432831,400.820099,416.394501,34.94033317565918,0.0,20.800699696180555,3.4384968315972224,12.006505620659723,53.41504952256945,10.339248328993056,536.0,49.0,473.0,80.0,855.0,55.0
Sample201,MINION_MK1D,30,1451845019,0,10,12.0,1800.0,1800.0,34232004.0,24589665.0,5102745.0,84849.0,39035.0,39713.0,0.8281464859201392,0.4600525639665759,629.9389009862944,128.4905446579206,403.4461690768306,0.8673874307796879,68464008.0,49179330.0,,,2.625,3.625,5.81170034,371.096893,399.782135,421.999817,34.7966609954834,0.0,48.48259646267361,7.935764279513889,13.031376215277778,20.332143272569446,10.218119769965279,1421.0,2.0,232.0,44.0,244.0,105.0
Sample201,MINION_MK1D,60,1451845019,0,10,12.0,1800.0,3600.0,84360200.0,63384281.0,11291772.0,189014.0,100132.0,83795.0,0.8487899193065279,0.5297597003396574,633.0072404426157,134.75472283549138,446.3172040166337,0.8852047885140149,84360200.0,63384281.0,100256392.0,77589232.0,2.625,3.625,16.5922394,368.47525,396.961975,418.702942,34.68061612447103,0.0,52.10026603732639,8.096290190972223,13.300346158854166,18.890941059027778,7.612156553819445,1421.0,2.0,232.0,44.0,244.0,105.0
Sample201,MINION_MK1D,120,1451845019,0,10,12.0,1800.0,7200.0,199101377.0,156982695.0,23342901.0,401385.0,240505.0,155044.0,0.8705513719749469,0.5991878122002566,652.7211284588678,150.55662263615488,496.03591813346287,0.9056973824947478,99550688.5,78491347.5,116939290.0,94809592.0,2.875,4.125,23.6672344,370.511841,397.184753,417.096924,34.681126022338866,0.0,48.11224672309028,7.627164366319445,12.236270421006944,22.512845638020835,9.5114728515625,1187.0,27.0,287.0,46.0,413.0,88.0
Sample202,MINION_MK1D,30,157613383,0,10,12.0,1800.0,1800.0,17016223.0,2209849.0,7338301.0,91941.0,3416.0,79384.0,0.23144263548436084,0.03715426197235183,646.9112997658079,92.44055477174241,185.07763674530406,0.5611204084478677,34032446.0,4419698.0,,,3.125,4.05644894,5.875,383.008942,402.940308,421.810547,34.93928654988607,0.0,44.15365243055556,6.517346397569445,15.114294140625,23.397370117187503,10.817336914062501,1310.0,15.0,291.0,14.0,291.0,127.0
Sample202,MINION_MK1D,60,157613383,0,10,12.0,1800.0,3600.0,37528696.0,6069511.0,15998493.0,181659.0,7788.0,166392.0,0.2750367001927315,0.04287153402804155,779.3414227015921,96.14941223135727,206.58869640370145,0.5880301303301346,37528696.0,6069511.0,41024946.0,7719324.0,2.96277428,4.03722572,5.96277428,372.412842,399.486481,417.650513,34.8720511118571,0.0,43.47969639756945,6.278714952256944,17.074402842881945,24.165860894097225,9.001324913194445,1310.0,15.0,291.0,14.0,291.0,127.0
Sample202,MINION_MK1D,120,157613383,0,10,12.0,1800.0,7200.0,83706895.0,14521950.0,30091691.0,333486.0,15776.0,305911.0,0.32550470381917496,0.04730633369916578,920.5090010141988,98.36746962351795,251.00572437823476,0.5329745058635851,41853447.5,7260975.0,44569580.0,8014542.0,2.875,3.875,6.03373909,376.132538,399.438782,417.177246,34.93795649210612,0.0,37.470880208333334,7.507269878472223,15.988789518229167,28.010449913194446,11.022610481770833,1035.0,21.0,369.0,15.0,500.0,108.0
Sample205,MINION_MK1D,30,428819377,0,10,12.0,1800.0,1800.0,30503508.0,7568232.0,14079244.0,150206.0,4945.0,143025.0,0.34961267539920127,0.032921454535770875,1530.481698685541,98.43904212550254,203.07782645167305,0.7096716875973741,61007016.0,15136464.0,,,2.96934748,3.78422356,5.375,380.865051,403.898071,419.310577,34.87744700113932,0.0,48.16111783854167,5.993807486979167,13.685906380208333,22.066838802083335,10.0923294921875,1532.0,1.0,174.0,52.0,196.0,93.0
Sample205,MINION_MK1D,60,428819377,0,10,12.0,1800.0,3600.0,65406886.0,19352241.0,27354885.0,291985.0,11292.0,272069.0,0.4143316589421494,0.038673219514701096,1713.8010095642933,100.54392451914772,224.00769217596795,0.7141010504612618,65406886.0,19352241.0,69806756.0,23568018.0,3.125,3.875,5.375,376.67746,399.227631,414.537537,34.68128496805827,0.0,48.194018467881946,7.055607530381945,15.224780447048612,21.42795724826389,8.097636306423611,1532.0,1.0,174.0,52.0,196.0,93.0
Sample205,MINION_MK1D,120,428819377,0,10,12.0,1800.0,7200.0,136463410.0,46987387.0,50066139.0,523199.0,25365.0,489671.0,0.4841388967156124,0.04848059724884795,1852.449714173073,102.24444371833333,260.825058916397,0.7112054872437967,68231705.0,23493693.5,71107076.0,28368538.0,3.125,3.875,5.46136141,377.510834,400.12915,415.422302,34.68056348164876,0.0,42.25473068576389,7.061536914062501,13.349743229166668,24.780759244791668,12.553229926215279,1221.0,14.0,290.0,58.0,371.0,94.0
Sample206,MINION_MK1D,30,447884673,0,10,12.0,1800.0,1800.0,16093608.0,12827216.0,1927394.0,30721.0,21782.0,8430.0,0.8693700477342335,0.7090263988802448,588.8906436507208,228.63511269276393,523.8634159044302,0.9167993901678232,32187216.0,25654432.0,,,2.90977931,9.25463867,23.4521103,361.385803,395.885925,423.003693,35.07055066426595,0.0,8.814576063368056,1.1722872178819446,1.629053732638889,86.24500909288194,2.139073893229167,90.0,52.0,287.0,982.0,587.0,50.0
Sample206,MINION_MK1D,60,447884673,0,10,12.0,1800.0,3600.0,35796460.0,29238368.0,3970259.0,66970.0,49473.0,16676.0,0.8804449518494095,0.7387337613856951,590.9964627170376,238.0822139601823,534.5148573988353,0.9277070134868085,35796460.0,29238368.0,39405704.0,32822304.0,3.37150931,18.6187363,24.3758411,366.444153,398.606689,423.506409,35.178866704305015,0.0,9.159309049479168,1.069199457465278,1.2200064453125001,87.92074218750001,0.6307428602430556,90.0,52.0,287.0,982.0,587.0,50.0
Sample206,MINION_MK1D,120,447884673,0,10,12.0,1800.0,7200.0,77733731.0,65655375.0,7914875.0,141152.0,110156.0,31484.0,0.8924174513475216,0.7804069372024485,596.0217782054541,251.39356498538942,550.7093842099297,0.9464391976759742,38866865.5,32827687.5,44864370.0,39546630.0,3.99801016,18.4244843,24.4658985,364.972351,398.723175,424.406982,35.180351638793944,0.0,9.864638650173612,1.291338302951389,1.6738900824652778,85.25572389322917,1.9144090711805557,106.0,43.0,269.0,990.0,588.0,52.0
Sample207,MINION_MK1D,30,58817664,0,10,12.0,1800.0,1800.0,17671187.0,1540458.0,8510892.0,76750.0,1648.0,70399.0,0.15325881597994298,0.02147231270358306,934.7439320388349,120.89506953223767,230.24347882736157,0.5687988022536347,35342374.0,3080916.0,,,3.125,3.875,5.375,371.000244,396.96582,414.325562,34.92805608113607,0.0,21.224506575520834,3.632481640625,6.423190885416667,63.43011178385417,5.289709114583333,325.0,133.0,574.0,309.0,605.0,102.0
Sample207,MINION_MK1D,60,58817664,0,10,12.0,1800.0,3600.0,34650421.0,3693541.0,16669807.0,139860.0,3465.0,132668.0,0.1813818140317594,0.024774774774774775,1065.9569985569985,125.65054873820364,247.7507579007579,0.5876796706164118,34650421.0,3693541.0,33958468.0,4306166.0,3.125,3.79902935,5.54245853,374.805328,397.920563,417.87677,34.9261594136556,0.0,19.499689973958333,3.8154680338541667,5.799601150173611,68.10744142795139,2.7777994140625,325.0,133.0,574.0,309.0,605.0,102.0
Sample207,MINION_MK1D,120,58817664,0,10,12.0,1800.0,7200.0,65375149.0,8475671.0,29765338.0,241124.0,6972.0,230783.0,0.2216382679651575,0.0289145833678937,1215.6728341939186,128.97543579899732,271.1266775600936,0.5849471792408458,32687574.5,4237835.5,29500776.0,5401990.0,2.875,3.77974224,5.47025776,363.365845,396.711945,416.938507,34.92764155069987,0.0,19.612180989583333,3.4324018663194447,6.091038997395834,65.97865371093751,4.885724435763889,309.0,67.0,591.0,314.0,656.0,111.0
Sample210,MINION_MK1D,30,1418052566,0,10,12.0,1800.0,1800.0,57042722.0,25784470.0,19245806.0,248767.0,73705.0,167184.0,0.5726029749406821,0.2962812591702276,349.8333898650024,115.11751124509523,229.30180449979298,0.7894131700096639,114085444.0,51568940.0,,,2.875,3.625,5.625,361.945831,394.876892,420.145142,35.13413009643555,0.0,47.936465017361115,2.9554155598958336,14.409652842881945,24.3068474609375,10.391619118923611,1303.0,7.0,195.0,99.0,300.0,144.0
Sample210,MINION_MK1D,60,1418052566,0,10,12.0,1800.0,3600.0,132281688.0,67875760.0,41111655.0,534698.0,189048.0,336008.0,0.6227853004862993,0.35356032751197874,359.03982057466885,122.35320289993095,247.39514267867096,0.8239040236619901,132281688.0,67875760.0,150477932.0,84182580.0,3.125,4.04190636,5.625,364.521332,396.625916,421.578857,35.33744532267253,0.0,52.70876746961806,2.9014575737847226,13.721627690972223,23.287537369791668,7.3806098958333335,1303.0,7.0,195.0,99.0,300.0,144.0
Sample210,MINION_MK1D,120,1418052566,0,10,12.0,1800.0,7200.0,295220949.0,171103950.0,80307155.0,1089407.0,466689.0,615113.0,0.6805743525131875,0.4283881047211924,366.63377538360663,130.55675136113203,270.9923371155133,0.8516032004219322,147610474.5,85551975.0,160437622.0,105139888.0,3.125,4.06402874,5.875,370.697449,401.214813,424.446686,35.437526830037434,0.0,48.631341796875,3.5564402126736114,11.900329817708334,24.61149533420139,11.300392838541667,1118.0,23.0,247.0,99.0,431.0,130.0
Sample211,MINION_MK1D,30,113628710,0,10,12.0,1800.0,1800.0,11311623.0,4462373.0,3545689.0,41637.0,4177.0,32940.0,0.5572350713568401,0.10031942743233183,1068.320086186258,107.64083181542198,271.6723827365084,0.7079498671410813,22623246.0,8924746.0,,,2.71776772,3.71776772,5.375,371.37973,398.966553,417.789825,34.9270071665446,0.0,23.376739561631947,6.016776497395834,8.3601837890625,56.20021488715278,6.046085264756945,432.0,60.0,400.0,483.0,388.0,285.0
Sample211,MINION_MK1D,60,113628710,0,10,12.0,1800.0,3600.0,23016149.0,9455703.0,6961535.0,79259.0,8852.0,67711.0,0.5759618639871091,0.11168447747258986,1068.19961590601,102.81246769358007,290.39161483238496,0.7132921324066854,23016149.0,9455703.0,23409052.0,9986660.0,2.625,3.875,5.375,369.799164,399.285767,418.024414,34.92710876464844,0.0,20.867521657986114,5.896833116319445,7.279944118923612,62.32588016493056,3.629820941840278,432.0,60.0,400.0,483.0,388.0,285.0
Sample211,MINION_MK1D,120,113628710,0,10,12.0,1800.0,7200.0,44561441.0,20651183.0,12333873.0,137486.0,18150.0,117084.0,0.6260769422371149,0.1320134413685757,1137.8062258953169,105.3420877318848,324.1162081957436,0.7402152008504392,22280720.5,10325591.5,21705206.0,11311168.0,2.55090404,3.55090404,5.625,369.866425,398.093964,417.827179,34.92546564737956,0.0,18.6795552734375,5.550398828125,7.367309418402778,63.084518055555556,5.318218424479167,343.0,42.0,397.0,501.0,475.0,290.0
Sample212,MINION_MK1D,30,293743648,0,10,12.0,1800.0,1800.0,27305960.0,8190554.0,11373438.0,119272.0,15079.0,100650.0,0.41865453635433914,0.12642531356898518,543.1762053186551,112.99988077496275,228.9385606009793,0.7164733267023023,54611920.0,16381108.0,,,3.03516531,3.78516531,5.30615282,366.197601,397.688721,418.6409,35.06711311340332,0.0,34.071406184895835,5.291287369791667,9.578435308159722,43.51320755208334,7.545663585069445,702.0,94.0,428.0,91.0,639.0,94.0
Sample212,MINION_MK1D,60,293743648,0,10,12.0,1800.0,3600.0,57931121.0,19180096.0,22644072.0,231492.0,34519.0,194276.0,0.45858882357205527,0.14911530420057711,555.6388076131985,116.5561983981552,250.2510713113196,0.7219637265434584,57931121.0,19180096.0,61250322.0,21979084.0,3.125,3.875,5.375,372.816071,399.255768,419.958649,35.18789876302083,0.0,32.91646512586806,5.3728776909722225,9.421571853298612,47.15055030381944,5.138535026041667,702.0,94.0,428.0,91.0,639.0,94.0
Sample212,MINION_MK1D,120,293743648,0,10,12.0,1800.0,7200.0,116578791.0,44188179.0,39649956.0,408481.0,75589.0,330009.0,0.5270653861753962,0.18504899860703436,584.5847808543571,120.1481050516804,285.3958715338045,0.7191542670913442,58289395.5,22094089.5,59736982.0,26320116.0,2.875,3.625,5.55372095,376.638794,403.87915,423.734,35.18741060892741,0.0,29.474368424479167,5.2596693142361115,9.86170236545139,47.904065625,7.500194270833334,588.0,67.0,503.0,98.0,719.0,73.0
Sample213,MINION_MK1D,30,1315737139,0,10,12.0,1800.0,1800.0,57523284.0,34133160.0,15659234.0,218994.0,83873.0,130626.0,0.6855095177789604,0.38299222809757344,406.962431294934,119.8783856200144,262.6705937148963,0.8656041612645063,115046568.0,68266320.0,,,2.875,3.875,5.375,371.543671,399.668396,422.562286,34.938511276245116,0.0,51.60633001302084,4.012805316840278,13.796786263020834,20.399114778645835,10.184963628472223,1476.0,7.0,228.0,57.0,216.0,64.0
Sample213,MINION_MK1D,60,1315737139,0,10,12.0,1800.0,3600.0,128171352.0,80887778.0,30842209.0,448286.0,196986.0,249209.0,0.7239576426335752,0.4394203700316316,410.6270394850395,123.76041394973697,285.9142422471369,0.8717235580069406,128171352.0,80887778.0,141296136.0,93509236.0,2.875,3.625,5.45633841,372.997314,400.017639,421.862274,34.9382433573405,0.0,53.98576336805556,4.2466623046875,15.27370549045139,18.401849717881944,8.092019118923611,1476.0,7.0,228.0,57.0,216.0,64.0
Sample213,MINION_MK1D,120,1315737139,0,10,12.0,1800.0,7200.0,264978687.0,179776322.0,56093651.0,872684.0,432676.0,436066.0,0.7621840105946848,0.4957991667086826,415.49871497379104,128.63569046887397,303.63646749568,0.8901469611403124,132489343.5,89888161.0,131771882.0,97467754.0,2.875,3.69625521,5.55374479,373.161407,400.449,422.15036,34.937905375162764,0.0,47.548402408854166,5.2718421440972225,13.4442158203125,24.065443446180556,9.670096180555555,1233.0,11.0,314.0,66.0,369.0,55.0
Sample214,MINION_MK1D,30,1274405113,0,10,12.0,1800.0,1800.0,47783935.0,15672370.0,19707065.0,217163.0,10290.0,195944.0,0.44297965753268814,0.04738376242730115,1523.0680272108843,100.57498571020291,220.03718405069003,0.7404043848628206,95567870.0,31344740.0,,,3.125,3.96738315,5.625,376.771149,404.568573,424.632599,34.58795928955078,0.0,49.077392925347226,3.158514518229167,14.073696267361111,23.448890017361112,10.24150627170139,1496.0,4.0,155.0,46.0,290.0,57.0
Sample214,MINION_MK1D,60,1274405113,0,10,12.0,1800.0,3600.0,106250253.0,42572797.0,38356419.0,409572.0,25185.0,375917.0,0.5260497889909127,0.06149101989393806,1690.4028985507246,102.03427618330642,259.41776537458617,0.7616849251173077,106250253.0,42572797.0,116932636.0,53800854.0,3.125,4.125,5.625,372.94986,397.815857,416.206116,34.206625620524086,0.0,51.637027929687505,3.5925680989583335,14.762410546875001,22.192933745659722,7.815059678819445,1496.0,4.0,155.0,46.0,290.0,57.0
Sample214,MINION_MK1D,120,1274405113,0,10,12.0,1800.0,7200.0,226504826.0,112447262.0,66533244.0,680413.0,60667.0,618959.0,0.6282654156760513,0.08916202365328117,1853.516112548832,107.49216668632333,332.8931487199686,0.7901840731640747,113252413.0,56223631.0,110767862.0,75019708.0,3.125,3.95091891,6.04908085,375.466492,401.610107,419.576691,34.3138781229655,0.0,47.93622638888889,3.8863083767361113,13.030502430555556,24.12904887152778,11.017913932291668,1163.0,26.0,236.0,47.0,515.0,61.0
Sample216,MINION_MK1D,30,64157,0,10,12.0,1800.0,1800.0,1203483.0,0.0,471575.0,906.0,0.0,865.0,0.0,0.0,,545.1734104046243,1328.3476821192053,0.3918418457094949,2406966.0,0.0,,,1.70322585,2.375,3.625,0.0,0.0,0.0,34.926108805338544,0.0,1.90069453125,1.1243695529513889,3.0104427951388892,91.2874633029514,2.6770298177083336,54.0,20.0,288.0,1073.0,427.0,186.0
Sample216,MINION_MK1D,60,64157,0,10,12.0,1800.0,3600.0,2299691.0,7845.0,917052.0,1917.0,6.0,1854.0,0.008482025566090063,0.003129890453834116,1307.5,494.6343042071197,1199.6301512780385,0.4021831628684028,2299691.0,7845.0,2192416.0,15690.0,1.71717048,2.375,3.46717048,319.230652,326.214355,326.948639,34.92727597554525,0.0,1.7103282118055556,0.9282594401041667,3.076003211805556,92.93686746961806,1.3485416666666667,54.0,20.0,288.0,1073.0,427.0,186.0
Sample216,MINION_MK1D,120,64157,0,10,12.0,1800.0,7200.0,4128338.0,17840.0,1643175.0,4165.0,12.0,4105.0,0.010740420766820288,0.0028811524609843936,1486.6666666666667,400.2862362971985,991.1975990396159,0.40234472080532163,2064169.0,8920.0,1469742.0,10940.0,1.8076241,2.46973157,3.5576241,382.679047,382.679047,382.679047,34.92643305460612,0.0,1.0569556206597224,0.9257082899305557,2.25359140625,93.6105556857639,2.1531889973958336,38.0,0.0,301.0,1078.0,453.0,178.0
Sample217,MINION_MK1D,30,1629184,0,10,12.0,1800.0,1800.0,3332898.0,57375.0,1340145.0,3506.0,46.0,3278.0,0.0410548686244204,0.013120365088419851,1247.2826086956522,408.8300793166565,950.6269252709641,0.4193107619855153,6665796.0,114750.0,,,1.625,2.11604857,4.29521894,339.378448,376.310272,397.427979,34.938588587443036,0.0,11.640312651909722,1.5882583984375,13.408199544270834,63.85329088541667,9.509938519965278,347.0,63.0,570.0,200.0,732.0,136.0
Sample217,MINION_MK1D,60,1629184,0,10,12.0,1800.0,3600.0,6294459.0,104866.0,2422943.0,6003.0,85.0,5777.0,0.041484938142082727,0.01415958687323005,1233.7176470588236,419.4119785355721,1048.552223888056,0.40159273418096775,6294459.0,104866.0,5923122.0,94982.0,1.625,2.05133486,4.21934,366.815918,417.579681,431.555939,34.93800010681152,0.0,9.604152473958333,1.1581063585069444,10.444072960069445,73.05883057725694,5.734837630208333,347.0,63.0,570.0,200.0,732.0,136.0
Sample217,MINION_MK1D,120,1629184,0,10,12.0,1800.0,7200.0,11446198.0,228350.0,4207279.0,9700.0,184.0,9319.0,0.05148086100077351,0.018969072164948454,1241.0326086956522,451.47322674106664,1180.020412371134,0.3875198559381901,5723099.0,114175.0,5623500.0,141584.0,1.625,2.04713964,4.11153173,361.544647,384.459106,400.079712,34.93793907165527,0.0,9.015373546006945,1.1067305772569445,10.211530533854168,72.20215186631945,7.464213476562501,248.0,45.0,566.0,211.0,841.0,137.0
Sample219,MINION_MK1D,30,1154636892,0,10,3.0,600.0,1800.0,157754643.0,159479559.0,5389073.0,33466.0,30188.0,2572.0,0.9673129270581926,0.9020498416303113,5282.879256658275,2095.28499222395,4713.878055339748,1.04509527494541,315509286.0,318959118.0,394461180.0,396004488.0,17.125,21.125,24.125,377.041901,398.092773,413.667053,34.55251922607422,0.0,69.09082688802084,18.919176106770834,5.1707764322916665,4.343025846354167,2.4761947265625,1654.0,2.0,94.0,5.0,237.0,56.0
Sample219,MINION_MK1D,60,1154636892,0,10,3.0,600.0,3600.0,364319401.0,361617961.0,12419437.0,70897.0,64977.0,5129.0,0.9667962693933616,0.9164985824505973,5565.322514120381,2421.4148956911677,5138.713923015078,1.0266743878402458,364319401.0,361617961.0,417124740.0,406922202.0,17.625,21.125,24.125,377.066315,398.36264,414.50882,34.55438766479492,0.0,68.5315669921875,18.7400494140625,5.693525390625,4.523342057291667,2.5115161458333333,1654.0,2.0,94.0,5.0,237.0,56.0
Sample219,MINION_MK1D,120,1154636892,0,10,3.0,600.0,7200.0,744729240.0,737218664.0,24470956.0,147485.0,136176.0,10145.0,0.9678727983715992,0.9233210156965115,5413.719480672072,2412.119862000986,5049.525307658406,1.0227738875943693,372364620.0,368609332.0,393717912.0,396633750.0,17.125,21.625,24.125,373.828278,395.853607,412.379578,34.55727310180664,0.0,66.33217005208334,19.195230273437502,6.175421484375001,5.5321818359375,2.7649963541666667,1536.0,22.0,171.0,5.0,253.0,61.0
Sample220,MINION_MK1D,30,850470499,0,10,3.0,600.0,1800.0,124942893.0,120601220.0,6167444.0,50634.0,44133.0,5173.0,0.951348828603258,0.8716080104277758,2732.67668184805,1192.237386429538,2467.5690840146935,1.0146128439654427,249885786.0,241202440.0,295233900.0,283120980.0,13.125,19.625,23.125,376.874542,399.343048,417.346832,34.938616561889646,0.0,61.99848795572917,17.272686783854166,7.7818935546875005,9.369315039062501,3.5776166666666667,1333.0,18.0,276.0,5.0,334.0,82.0
Sample220,MINION_MK1D,60,850470499,0,10,3.0,600.0,3600.0,286875817.0,263886575.0,13840006.0,107290.0,94836.0,11339.0,0.9501667937214839,0.8839220803429956,2782.556993124974,1220.5667166416792,2673.8355578339083,0.9681073291723297,286875817.0,263886575.0,349827024.0,281551542.0,13.375,19.375,22.875,375.484436,398.901,416.841736,34.93611488342285,0.0,61.326525195312506,17.246928255208335,7.5333962890625,10.390525651041667,3.502624609375,1333.0,18.0,276.0,5.0,334.0,82.0
Sample220,MINION_MK1D,120,850470499,0,10,3.0,600.0,7200.0,589793511.0,544563232.0,27662676.0,220731.0,197193.0,22797.0,0.9516577707977528,0.893363415197684,2761.574863205083,1213.4349256481116,2672.001263981951,0.9702139771422477,294896755.5,272281616.0,325276752.0,302156688.0,12.875,19.375,23.125,376.715515,400.701111,419.035736,34.938712692260744,0.0,63.12241145833334,16.020745638020834,7.8382567708333335,9.390737239583334,3.627848893229167,1263.0,27.0,330.0,4.0,355.0,69.0
Sample223,MINION_MK1D,30,10311622,0,10,12.0,1800.0,1800.0,5439375.0,113733.0,2597343.0,6677.0,156.0,6260.0,0.04195124002425605,0.02336378613149618,729.0576923076923,414.9110223642173,814.6435524936348,0.49841682178559116,10878750.0,227466.0,,,1.70354199,2.88439846,4.625,359.330841,387.833771,409.077087,34.93872922261556,0.0,14.806558984375,0.5523072699652778,16.449510351562502,56.654645724826395,11.536977669270835,405.0,40.0,411.0,55.0,1097.0,40.0
Sample223,MINION_MK1D,60,10311622,0,10,12.0,1800.0,3600.0,11136318.0,322009.0,5285633.0,12435.0,392.0,11835.0,0.05742324492184059,0.03152392440691596,821.4515306122449,446.6103084072666,895.5623642943306,0.5035454267739121,11136318.0,322009.0,11393886.0,416552.0,1.625,2.04619,4.375,370.971405,391.393097,411.715607,34.93994649251302,0.0,14.773955164930555,0.4745784071180556,17.709126475694447,57.679373763020834,9.362966189236111,405.0,40.0,411.0,55.0,1097.0,40.0
Sample223,MINION_MK1D,120,10311622,0,10,12.0,1800.0,7200.0,20228024.0,776189.0,9464091.0,21724.0,859.0,20593.0,0.07579763443968329,0.03954152089854539,903.5960419091967,459.5780605059972,931.13717547413,0.5062422310750669,10114012.0,388094.5,8935076.0,487826.0,1.625,1.875,4.375,358.883301,386.490784,401.655212,34.93870684305827,0.0,11.084034722222222,0.2940519748263889,13.573319813368057,65.66006150173611,9.388531987847223,267.0,33.0,475.0,55.0,1172.0,46.0
Sample224,MINION_MK1D,30,2940774879,0,10,12.0,1800.0,1800.0,92359117.0,74050040.0,12930368.0,258141.0,153692.0,94335.0,0.8513416032723139,0.5953800442393885,481.808031647711,137.06861716224094,357.78553968567564,0.9417630963275667,184718234.0,148100080.0,,,3.06076694,3.99653363,11.681386,371.592529,399.539612,423.784027,34.938918050130205,0.0,59.36400802951389,2.4181262586805556,10.712874175347222,19.145074956597224,8.359916579861112,1396.0,5.0,84.0,50.0,480.0,33.0
Sample224,MINION_MK1D,60,2940774879,0,10,12.0,1800.0,3600.0,214921398.0,180170407.0,25967510.0,549847.0,374354.0,168430.0,0.8740284641568392,0.6808330317342824,481.28350972608814,154.17390013655523,390.8749124756523,0.9591316589146698,214921398.0,180170407.0,245124562.0,212240734.0,3.20965242,13.7237425,23.878067,370.679352,397.532288,420.798981,34.93810297648112,0.0,64.28895529513889,2.7207276692708335,11.654891341145834,15.269285872395834,6.066139822048611,1396.0,5.0,84.0,50.0,480.0,33.0
Sample224,MINION_MK1D,120,2940774879,0,10,12.0,1800.0,7200.0,475090861.0,415018715.0,48738940.0,1137441.0,855213.0,280992.0,0.894904290043471,0.751874602726647,485.2811112553247,173.4531232205899,417.6839598713252,0.9761451820476084,237545430.5,207509357.5,253931478.0,230958890.0,10.3968124,18.4876366,24.2163887,370.491943,397.396576,419.634216,34.938042704264326,0.0,59.016578515625,2.8154505208333336,10.569742426215278,19.434348437500002,8.16388009982639,1241.0,12.0,139.0,50.0,567.0,39.0
Sample225,MINION_MK1D,30,111299077,0,10,3.0,600.0,1800.0,20717997.0,18713303.0,1242380.0,14464.0,12425.0,1792.0,0.9377430479327619,0.8590293141592921,1506.1008450704226,693.2924107142857,1432.3836421460178,0.9632052268373241,41435994.0,37426606.0,54407022.0,47877114.0,13.125,18.625,22.375,370.532166,398.703064,419.069092,35.0396541595459,0.0,17.1208994140625,14.094351106770834,8.799378320312501,56.44379401041667,3.5415771484375003,568.0,37.0,379.0,17.0,967.0,80.0
Sample225,MINION_MK1D,60,111299077,0,10,3.0,600.0,3600.0,43494147.0,39230454.0,2622283.0,28442.0,24914.0,3510.0,0.9373450056563803,0.8759580901483721,1574.6349040700009,747.0891737891737,1529.222523029323,0.9622613589823936,43494147.0,39230454.0,38429946.0,36220374.0,13.375,18.125,22.375,367.061035,398.729889,422.592529,35.04481658935547,0.0,11.006566992187501,10.162483984375001,6.695986588541667,69.68126165364583,2.4537007812500002,568.0,37.0,379.0,17.0,967.0,80.0
Sample225,MINION_MK1D,120,111299077,0,10,3.0,600.0,7200.0,88672502.0,77610188.0,4677027.0,55143.0,48746.0,6223.0,0.9431621668080515,0.8839925285167655,1592.1344930866123,751.5711071830307,1608.046388480859,0.9279902240719451,44336251.0,38805094.0,52882152.0,49232616.0,14.375,19.125,22.625,364.861908,393.161957,414.509888,35.044487380981444,0.0,13.2973087890625,10.070252604166667,5.9088845703125,68.38859335937501,2.3349606770833335,338.0,29.0,453.0,25.0,1139.0,64.0
Sample227,MINION_MK1D,30,137555322,0,10,12.0,1800.0,1800.0,13659724.0,3659754.0,5193022.0,65914.0,3191.0,56618.0,0.4134018527069927,0.04841156658676457,1146.898777812598,91.72033628881275,207.23554935218618,0.6480933289720935,27319448.0,7319508.0,,,2.875,3.875,5.625,376.249847,400.760498,420.7966,34.88614641825358,0.0,25.821488802083334,4.061427777777778,18.90567211371528,41.52558502604167,9.685826280381946,837.0,3.0,434.0,15.0,655.0,104.0
Sample227,MINION_MK1D,60,137555322,0,10,12.0,1800.0,3600.0,29059483.0,9758865.0,10377884.0,120337.0,7633.0,108427.0,0.4846296192101317,0.06343020018780592,1278.5097602515393,95.71309729126509,241.4841902324306,0.6929493205367763,29059483.0,9758865.0,30799518.0,12198222.0,2.875,3.7838757,5.71612453,370.988,396.828827,414.332184,34.699703725179035,0.0,21.850341276041668,2.816038910590278,13.021297721354168,57.11330592447917,5.199016167534722,837.0,3.0,434.0,15.0,655.0,104.0
Sample227,MINION_MK1D,120,137555322,0,10,12.0,1800.0,7200.0,55239624.0,22236776.0,16616480.0,189328.0,15779.0,168517.0,0.5723272201434032,0.0833421363982084,1409.2639584257558,98.6041764332382,291.76679624778166,0.7033584442935382,27619812.0,11118388.0,27108340.0,12516394.0,2.875,4.125,5.875,376.02243,401.137268,417.744324,34.814673614501956,0.0,16.428262391493057,3.613318012152778,10.500999717881944,62.86118381076389,6.596236067708333,385.0,14.0,650.0,18.0,896.0,85.0
Sample228,MINION_MK1D,30,287899529,0,10,12.0,1800.0,1800.0,24868526.0,3983088.0,10633348.0,136107.0,4601.0,116504.0,0.2725074703573429,0.0338042863335464,865.7004998913279,91.2702396484241,182.71305663926177,0.5877483852480843,49737052.0,7966176.0,,,3.125,3.94053698,5.625,360.876282,396.013733,417.815704,34.986890411376955,0.0,44.833765690104165,4.004696527777778,14.672668511284723,26.32225846354167,10.166610807291667,1230.0,5.0,220.0,194.0,205.0,194.0
Sample228,MINION_MK1D,60,287899529,0,10,12.0,1800.0,3600.0,56306054.0,11753929.0,23381240.0,264804.0,12143.0,247200.0,0.3345345798678242,0.045856558058035374,967.9592357736968,94.58430420711974,212.6329436111237,0.6240033975742644,56306054.0,11753929.0,62875056.0,15541682.0,3.125,4.125,5.625,367.717651,397.869232,419.83078,35.05085563659668,0.0,45.915913671875,3.706929730902778,15.144879557291667,27.43809205729167,7.794184982638889,1230.0,5.0,220.0,194.0,205.0,194.0
Sample228,MINION_MK1D,120,287899529,0,10,12.0,1800.0,7200.0,113074837.0,30058794.0,41379600.0,467030.0,27131.0,424564.0,0.4207652540453247,0.05809262788257714,1107.913235781947,97.46375104813409,242.11471854056484,0.6317797654662991,56537418.5,15029397.0,55636586.0,19202952.0,2.94693303,3.94693303,5.71207476,370.765381,399.907623,420.204926,35.05798199971517,0.0,38.59962970920139,3.8543148220486114,14.383139344618057,33.44454861111111,9.718367513020834,911.0,15.0,299.0,198.0,427.0,198.0
Sample232,MINION_MK1D,30,149050977,0,10,12.0,1800.0,1800.0,18458004.0,6883570.0,2129265.0,45418.0,33163.0,6519.0,0.7637519160175461,0.7301730591395482,207.56777131140126,326.6244822825587,406.4028358800476,0.4882887120405868,36916008.0,13767140.0,,,6.69839478,19.5357628,29.8303814,360.286194,397.832703,423.603729,34.9386547088623,0.0,19.852537608506946,2.7654054253472222,10.963692578125,57.538817317708336,8.879547070312501,415.0,53.0,534.0,37.0,948.0,61.0
Sample232,MINION_MK1D,60,149050977,0,10,12.0,1800.0,3600.0,48975050.0,20725534.0,4996941.0,123199.0,98888.0,15719.0,0.8057363842320772,0.8026688528315976,209.58593560391554,317.89178700935173,397.5279831816817,0.5252159007494632,48975050.0,20725534.0,61034092.0,27683928.0,11.7158766,18.8067532,29.7890453,352.304413,393.993866,421.768707,34.93866856892904,0.0,21.444195355902778,3.0812983506944445,9.566592513020833,60.52898630642361,5.378927473958334,415.0,53.0,534.0,37.0,948.0,61.0
Sample232,MINION_MK1D,120,149050977,0,10,12.0,1800.0,7200.0,120814737.0,57515695.0,10592221.0,316832.0,275993.0,35333.0,0.8444788561729006,0.8711020351479648,208.3954846680894,299.7826677610166,381.3211323351177,0.5637384783612946,60407368.5,28757847.5,79856258.0,42137472.0,12.4676313,18.125,29.625,359.658875,398.257172,428.928101,35.244220606486,0.0,25.264754557291667,2.6722144314236114,10.274775802951389,54.111287174479166,7.676968033854167,459.0,57.0,529.0,37.0,910.0,56.0
Sample233,MINION_MK1D,30,6928190,0,10,12.0,1800.0,1800.0,3179438.0,69874.0,1363614.0,2995.0,121.0,2857.0,0.048744042503320574,0.04040066777963272,577.4710743801653,477.2887644382219,1061.5819699499166,0.45086207059234995,6358876.0,139748.0,,,1.625,2.04259419,3.63441086,348.627441,376.398682,421.075043,34.93843536376953,0.0,8.683314019097223,1.842959006076389,11.203872938368056,69.92787172309028,8.341982313368057,263.0,31.0,587.0,248.0,740.0,179.0
Sample233,MINION_MK1D,60,6928190,0,10,12.0,1800.0,3600.0,5905857.0,169986.0,2613827.0,5856.0,263.0,5520.0,0.06106229118119644,0.04491120218579235,646.3346007604563,473.519384057971,1008.5138319672132,0.47136478245240276,5905857.0,169986.0,5452838.0,200224.0,1.625,2.125,3.46389079,371.504913,387.047668,407.056671,34.9378542582194,0.0,8.018346267361112,1.4922524088541667,10.514458506944445,74.45299351128473,5.521949305555556,263.0,31.0,587.0,248.0,740.0,179.0
Sample233,MINION_MK1D,120,6928190,0,10,12.0,1800.0,7200.0,12088662.0,435120.0,5009057.0,10915.0,627.0,10201.0,0.07992392605898008,0.05744388456252863,693.9712918660288,491.0358788354083,1107.5274393037105,0.4503539763126804,6044331.0,217560.0,6527674.0,324538.0,1.625,1.875,3.195122,342.633423,391.94754,415.752106,34.93703651428223,0.0,8.0485685546875,1.6225377821180555,10.036052191840279,72.80639776475695,7.486443706597223,224.0,23.0,585.0,263.0,777.0,176.0
Sample234,MINION_MK1D,30,714460121,0,10,12.0,1800.0,1800.0,22881026.0,8539504.0,7234466.0,87739.0,7708.0,72311.0,0.541366821415281,0.08785146856016139,1107.8754540736898,100.04654893446363,260.7851240611359,0.6893908516165316,45762052.0,17079008.0,,,3.0454433,3.95184088,5.71860266,379.18985,408.537384,427.665466,34.80346654256185,0.0,41.791334722222224,3.9380146267361114,17.832628038194446,25.606545876736114,10.831476736111112,1253.0,4.0,205.0,36.0,474.0,76.0
Sample234,MINION_MK1D,60,714460121,0,10,12.0,1800.0,3600.0,51654449.0,25886678.0,14051699.0,156054.0,20547.0,130303.0,0.6481654975614056,0.13166596178245993,1259.876283642381,107.83864531131286,331.0036846219898,0.7731836806544969,51654449.0,25886678.0,57546846.0,34694348.0,2.875,3.875,5.875,375.207153,398.903564,416.46698,34.30828653971354,0.0,36.57859073350695,3.3969972439236114,20.96874184027778,29.851826323784724,9.203843858506945,1253.0,4.0,205.0,36.0,474.0,76.0
Sample234,MINION_MK1D,120,714460121,0,10,12.0,1800.0,7200.0,115326251.0,66785641.0,25187426.0,257727.0,48631.0,202466.0,0.7261434589323851,0.18869191043235672,1373.3141617486788,124.40323807454091,447.4744632886737,0.7975033108463744,57663125.5,33392820.5,64819784.0,43429948.0,2.875,4.03606415,6.125,378.629364,402.069275,418.51355,34.30478808085124,0.0,30.583667013888892,4.482052647569445,17.624242035590278,36.742933854166665,10.567104448784722,817.0,7.0,351.0,35.0,769.0,69.0
Sample235,MINION_MK1D,30,8295299,0,10,12.0,1800.0,1800.0,943277.0,140825.0,353926.0,1388.0,633.0,702.0,0.28463813110029085,0.45605187319884727,222.47235387045814,504.16809116809117,679.5943804034582,0.5245023466065641,1886554.0,281650.0,,,1.375,1.875,3.125,363.683563,382.031494,421.152039,34.92634620666504,0.0,4.399926605902778,1.9602341362847222,7.575683333333334,79.94505835503473,6.1190975694444445,149.0,43.0,863.0,37.0,900.0,56.0
Sample235,MINION_MK1D,60,8295299,0,10,12.0,1800.0,3600.0,1904111.0,336779.0,672497.0,2845.0,1439.0,1375.0,0.3336837495392737,0.5057996485061511,234.03683113273107,489.0887272727273,669.2833040421792,0.5300510316888039,1904111.0,336779.0,1921668.0,391908.0,1.29321301,8.9086771,12.2033501,339.782959,373.095917,387.630463,34.926730982462566,0.0,3.992885590277778,1.4694621961805556,5.969297851562501,85.67282749565973,2.8955268663194444,149.0,43.0,863.0,37.0,900.0,56.0
Sample235,MINION_MK1D,120,8295299,0,10,12.0,1800.0,7200.0,4866341.0,830890.0,1224210.0,5948.0,3423.0,2511.0,0.40430635978784485,0.5754875588433087,242.73736488460415,487.5388291517324,818.1474445191661,0.4223090819159611,2433170.5,415445.0,3529274.0,569942.0,1.2708087,13.8231993,24.0976982,345.73764,379.572693,390.752411,34.925636291503906,0.0,3.9964990017361113,1.1682697048611113,6.275561892361112,83.5457943576389,5.013875043402778,119.0,39.0,880.0,41.0,916.0,53.0
Sample237,MINION_MK1D,30,266293032,0,10,12.0,1800.0,1800.0,18872350.0,5148621.0,7617132.0,93123.0,6024.0,80251.0,0.40331510409139204,0.06468863760832447,854.6847609561753,94.91634995202551,202.6604598219559,0.6764262532223068,37744700.0,10297242.0,,,3.125,4.02919483,5.80722141,366.60965,397.284271,417.301758,34.9397954305013,0.0,47.00496297743056,5.515837630208334,14.799277061631946,22.284978515625,10.394943815104167,1279.0,7.0,228.0,48.0,329.0,157.0
Sample237,MINION_MK1D,60,266293032,0,10,12.0,1800.0,3600.0,42763381.0,13243500.0,15412325.0,180309.0,14751.0,159183.0,0.462157344972619,0.08180956025489576,897.8035387431361,96.82142565474956,237.16720185903088,0.6701019500773336,42763381.0,13243500.0,47782062.0,16189758.0,3.04634166,4.04634142,5.875,368.483917,397.634735,415.000793,34.93855489095052,0.0,47.80165935329861,5.1977986328125,16.389195095486112,22.449796679687502,8.161550238715279,1279.0,7.0,228.0,48.0,329.0,157.0
Sample237,MINION_MK1D,120,266293032,0,10,12.0,1800.0,7200.0,88779143.0,32145077.0,27805374.0,317202.0,32966.0,279336.0,0.5361940813422738,0.1039274657789043,975.097888733847,99.54096142280265,279.88204046632745,0.6752762977223152,44389571.5,16072538.5,46773812.0,19167624.0,2.96841836,4.05916,5.875,373.233887,398.595947,417.051666,34.936916732788085,0.0,38.8093041015625,5.352500694444445,14.52094845920139,29.215182552083334,12.102064192708333,993.0,17.0,351.0,60.0,486.0,141.0
Sample240,MINION_MK1D,30,38331326,0,10,12.0,1800.0,1800.0,3659294.0,893764.0,891129.0,6068.0,2796.0,2359.0,0.500738139485112,0.46077785102175345,319.6580829756795,377.7571004662993,603.0477916941331,0.4877697719833389,7318588.0,1787528.0,,,1.625,2.125,4.06007385,346.94696,388.064911,419.811188,34.92733039855957,0.0,11.644919053819445,1.7534464192708334,10.168752777777778,68.3841013671875,8.048780381944445,296.0,77.0,602.0,106.0,857.0,110.0
Sample240,MINION_MK1D,60,38331326,0,10,12.0,1800.0,3600.0,7235838.0,2434142.0,1667274.0,12766.0,7737.0,4402.0,0.5934882001728183,0.6060629797900674,314.61057257334886,378.753748296229,566.8054206485979,0.5668197657272039,7235838.0,2434142.0,7153088.0,3080756.0,1.375,16.9240093,28.9595833,342.652893,382.362091,408.517242,34.92638422648112,0.0,9.820480902777778,1.1908955729166668,7.919475151909722,76.74516102430556,4.323987348090278,296.0,77.0,602.0,106.0,857.0,110.0
Sample240,MINION_MK1D,120,38331326,0,10,12.0,1800.0,7200.0,15066197.0,6027262.0,2850793.0,27259.0,18677.0,7534.0,0.6788944200052827,0.6851682013280017,322.7103924613161,378.3903636846297,552.7054183939249,0.5892698071052702,7533098.5,3013631.0,9024380.0,4446152.0,1.5657171,18.2666626,29.875,352.818146,390.384094,422.461029,35.14854151407878,0.0,9.758565277777778,2.0275915798611113,7.8347068793402785,73.98630017361111,6.392836089409722,247.0,69.0,585.0,115.0,906.0,126.0
Sample244,MINION_MK1D,30,152095804,0,10,3.0,600.0,1800.0,26043146.0,22217328.0,2710300.0,10720.0,7907.0,2263.0,0.8912732491033644,0.7375932835820895,2809.8302769697734,1197.65797613787,2429.3979477611942,0.9571665420145476,52086292.0,44434656.0,61612476.0,52041750.0,11.625,17.375,22.625,374.063965,402.583923,421.769348,34.80340003967285,0.0,27.37730703125,34.77576048177084,14.4947712890625,17.316234895833333,6.035926302083333,1263.0,5.0,231.0,113.0,258.0,178.0
Sample244,MINION_MK1D,60,152095804,0,10,3.0,600.0,3600.0,58252909.0,51249347.0,5381479.0,23172.0,17861.0,4689.0,0.9049726203887614,0.7708009666839288,2869.3436537707853,1147.681595222862,2513.9353098567235,0.9721544721483352,58252909.0,51249347.0,58796142.0,54315732.0,11.375,19.875,22.875,374.288208,400.519104,419.180115,34.631892395019534,0.0,23.127664908854168,31.360382552083333,12.329197395833335,27.61369147135417,5.569063671875,1263.0,5.0,231.0,113.0,258.0,178.0
Sample244,MINION_MK1D,120,152095804,0,10,3.0,600.0,7200.0,121678423.0,104579175.0,10623199.0,48410.0,37926.0,9678.0,0.9077866312025826,0.7834331749638505,2757.453330169277,1097.6647034511263,2513.497686428424,0.9467773427668437,60839211.5,52289587.5,68372484.0,59751984.0,10.875,20.125,22.875,377.467499,402.833191,420.944794,34.682124328613284,0.0,23.558896744791667,32.39230279947917,11.625152669270834,27.278239062500003,5.145408723958334,923.0,10.0,336.0,114.0,510.0,155.0
Sample245,MINION_MK1D,30,812365068,0,10,12.0,1800.0,1800.0,55243619.0,36679780.0,4355945.0,93659.0,80815.0,8464.0,0.8938499319800004,0.8628642202030771,453.87341458887585,514.6437854442344,589.8378052296096,0.7428138442559312,110487238.0,73359560.0,,,13.6644478,19.5835609,27.8938389,351.209167,390.685883,421.849457,35.19194463094075,0.0,23.693936219618056,2.7280954644097224,8.046699739583334,59.11700668402778,6.414261892361111,409.0,71.0,502.0,121.0,861.0,84.0
Sample245,MINION_MK1D,60,812365068,0,10,12.0,1800.0,3600.0,120651740.0,83765659.0,9470661.0,204373.0,183670.0,18150.0,0.8984230501589938,0.8986999261154849,456.06609135950345,521.7995041322314,590.3506823308363,0.772772278294536,120651740.0,83765659.0,130816242.0,94171758.0,13.458415,19.5479851,27.6218,359.193268,397.976288,428.393311,35.64080963134766,0.0,24.53288791232639,2.3647118706597223,5.909557009548611,64.38724578993056,2.8055974175347225,409.0,71.0,502.0,121.0,861.0,84.0
Sample245,MINION_MK1D,120,812365068,0,10,12.0,1800.0,7200.0,241036577.0,168295842.0,18443027.0,403975.0,365181.0,35312.0,0.9012362712767635,0.903969305031252,460.8559645764703,522.2878058450385,596.6621127545021,0.7747324963049073,120518288.5,84147921.0,122774792.0,83904038.0,14.0823975,20.169899,27.6545506,355.665741,395.784973,425.906067,35.67706476847331,0.0,22.17532996961806,3.0813143446180558,6.482450434027778,63.25833229166667,5.002572960069445,350.0,65.0,540.0,127.0,888.0,78.0
Sample246,MINION_MK1D,30,418639101,0,10,12.0,1800.0,1800.0,26122078.0,5899869.0,8849922.0,109600.0,4140.0,92804.0,0.3999967863951428,0.037773722627737226,1425.0891304347826,95.36142838670747,238.34012773722628,0.5646484556090828,52244156.0,11799738.0,,,2.625,3.46143842,5.125,354.647339,393.290253,418.033112,34.98013966878255,0.0,46.79702493489584,4.507927105034723,13.94660842013889,24.519422851562503,10.229016688368056,1341.0,4.0,264.0,61.0,262.0,116.0
Sample246,MINION_MK1D,60,418639101,0,10,12.0,1800.0,3600.0,55235523.0,18528880.0,18539615.0,206095.0,12007.0,185262.0,0.4998552004876378,0.058259540503166014,1543.1731489964188,100.07241096393216,268.01000994686916,0.6710988325393424,55235523.0,18528880.0,58226890.0,25258022.0,2.625,3.375,5.125,361.605469,397.413513,421.348053,35.187194188435875,0.0,45.91651861979167,5.026900846354167,16.21225310329861,24.42169457465278,8.422632855902778,1341.0,4.0,264.0,61.0,262.0,116.0
Sample246,MINION_MK1D,120,418639101,0,10,12.0,1800.0,7200.0,114689159.0,46045157.0,34253027.0,354354.0,27967.0,316380.0,0.573427127567418,0.07892390095779926,1646.410305002324,108.26546241861053,323.6570181231198,0.700137525640065,57344579.5,23022578.5,59279468.0,26919212.0,2.625,3.46312976,5.125,360.92453,398.225525,422.941589,35.18738390604655,0.0,38.50263656684028,5.1758702690972225,14.667058029513889,31.151608745659725,10.50282638888889,994.0,10.0,346.0,78.0,513.0,107.0
Sample247,MINION_MK1D,30,4263223,0,10,12.0,1800.0,1800.0,1077095.0,242174.0,303534.0,1323.0,268.0,954.0,0.4437794571455797,0.20256991685563114,903.6343283582089,318.1698113207547,814.1307634164777,0.5066479744126563,2154190.0,484348.0,,,1.375,1.875,3.125,303.560699,376.288391,411.10672,34.92722613016765,0.0,4.761898958333334,2.5781713975694447,4.559871223958334,83.6155685546875,4.484489865451389,128.0,51.0,513.0,176.0,1125.0,55.0
Sample247,MINION_MK1D,60,4263223,0,10,12.0,1800.0,3600.0,1987102.0,540894.0,513619.0,2437.0,530.0,1857.0,0.5129325100781119,0.21748050882232253,1020.5547169811321,276.58535271944,815.3885925318014,0.5306788478900429,1987102.0,540894.0,1820014.0,597440.0,1.375,1.875,3.03754497,311.748505,373.418732,402.538177,34.92573890686035,0.0,3.8677526692708337,2.2461546223958333,3.2555085503472223,89.06066642795139,1.5699177300347222,128.0,51.0,513.0,176.0,1125.0,55.0
Sample247,MINION_MK1D,120,4263223,0,10,12.0,1800.0,7200.0,5289438.0,1095083.0,1039574.0,4763.0,1053.0,3616.0,0.5130018546305097,0.22107915179508714,1039.9648622981956,287.4928097345133,1110.526558891455,0.40356971761461236,2644719.0,547541.5,2157444.0,724824.0,1.375,1.875,3.125,312.044983,369.329926,408.409332,34.92631797790527,0.0,3.9940432942708335,2.4173337239583335,3.644322287326389,86.39816126302084,3.546139431423611,107.0,35.0,517.0,182.0,1136.0,71.0
Sample248,MINION_MK1D,30,5566198,0,10,12.0,1800.0,1800.0,1167718.0,199390.0,181968.0,870.0,150.0,617.0,0.5228420539230854,0.1724137931034483,1329.2666666666667,294.92382495948135,1342.2045977011494,0.32658398688724505,2335436.0,398780.0,,,1.44565213,1.94565213,3.375,379.117828,404.785797,436.651489,34.93780364990234,0.0,5.2776707031250005,1.6862087456597223,3.7906275390625,84.77792235243056,4.467570659722222,123.0,23.0,315.0,37.0,1523.0,27.0
Sample248,MINION_MK1D,60,5566198,0,10,12.0,1800.0,3600.0,2372821.0,554614.0,406639.0,1623.0,371.0,1160.0,0.5769698508093083,0.2285890326555761,1494.9164420485174,350.5508620689655,1461.996919285274,0.40510978282811894,2372821.0,554614.0,2410206.0,710448.0,1.375,1.875,3.21221709,346.242,396.395264,419.087189,34.93750826517741,0.0,4.741301085069445,1.770413519965278,3.038824587673611,88.67471150173611,1.7747493055555557,123.0,23.0,315.0,37.0,1523.0,27.0
Sample248,MINION_MK1D,120,5566198,0,10,12.0,1800.0,7200.0,7803092.0,1256819.0,786692.0,3072.0,827.0,2158.0,0.6150292315529498,0.2692057291666667,1519.73276904474,364.54680259499537,2540.0690104166665,0.26188477593241244,3901546.0,628409.5,7620244.0,791900.0,1.53141189,1.9446243,3.55537558,363.79361,396.943054,420.937256,34.93843383789063,0.0,5.769305056423612,1.689738498263889,3.687490104166667,85.03739505208334,3.8160712890625,118.0,10.0,337.0,40.0,1511.0,32.0
Sample252,MINION_MK1D,30,616607399,0,10,12.0,1800.0,1800.0,35006071.0,17022615.0,8844484.0,84308.0,12455.0,66869.0,0.6580797869911891,0.14773212506523697,1366.72942593336,132.2658331962494,415.21648004934286,0.7389317984300494,70012142.0,34045230.0,,,2.625,3.625,5.125,361.546387,396.375519,422.788971,35.06613400777181,0.0,44.430713650173615,5.024076996527778,14.804765169270834,26.54039494357639,9.200049240451388,1140.0,4.0,279.0,209.0,276.0,140.0
Sample252,MINION_MK1D,60,616607399,0,10,12.0,1800.0,3600.0,85577830.0,47632792.0,18779536.0,166387.0,33378.0,128624.0,0.717228162819409,0.2006046145432035,1427.071484211157,146.00335862669488,514.3300257832643,0.7760459455445412,85577830.0,47632792.0,101143518.0,61220354.0,2.375,3.46168947,5.20496798,361.792908,398.306519,422.826172,35.18692207336426,0.0,49.66253244357639,5.0101582682291665,13.579662543402778,25.558594466145834,6.189052278645834,1140.0,4.0,279.0,209.0,276.0,140.0
Sample252,MINION_MK1D,120,616607399,0,10,12.0,1800.0,7200.0,195152951.0,116013324.0,35955589.0,305058.0,79383.0,222261.0,0.7634016833429611,0.2602226461853156,1461.4378897245,161.7719212997332,639.7240885339837,0.7787169613438231,97576475.5,58006662.0,111661054.0,68879906.0,2.375,3.43839312,5.31160688,367.885773,399.899261,422.167664,35.18724746704102,0.0,43.624602669270836,5.441921896701389,11.195530837673612,29.881652039930557,9.856292556423611,940.0,3.0,389.0,213.0,382.0,121.0
Sample253,MINION_MK1D,30,51665018,0,10,12.0,1800.0,1800.0,5268924.0,2919098.0,786630.0,4248.0,2235.0,1657.0,0.7877259205208801,0.5261299435028248,1306.084116331096,474.7314423657212,1240.3305084745762,0.7033177931585273,10537848.0,5838196.0,,,1.375,14.6523104,16.8645706,363.676666,413.075043,444.21582,34.92501271565755,0.0,12.508447157118056,12.50622697482639,10.2066900390625,57.39385696614583,7.384778862847223,480.0,26.0,536.0,236.0,617.0,153.0
Sample253,MINION_MK1D,60,51665018,0,10,12.0,1800.0,3600.0,10199812.0,6109513.0,1604233.0,8386.0,4684.0,3400.0,0.792029320125397,0.5585499642260912,1304.3366780529461,471.8332352941176,1216.2904841402337,0.7562635468183139,10199812.0,6109513.0,9861776.0,6380830.0,1.375,19.4494133,22.3812313,362.041718,401.75412,434.132721,34.50404345194499,0.0,9.602380338541668,10.381350455729168,7.4694492404513895,68.77659639756945,3.7702235677083333,480.0,26.0,536.0,236.0,617.0,153.0
Sample253,MINION_MK1D,120,51665018,0,10,12.0,1800.0,7200.0,21471858.0,12220483.0,2945294.0,16359.0,9147.0,6393.0,0.8057933991776353,0.5591417568311021,1336.009948617033,460.70608478022837,1312.5409866128737,0.7063094865847194,10735929.0,6110241.5,14121724.0,6866174.0,1.375,18.2720337,22.565897,349.282318,397.235138,429.372437,34.43700879414876,0.0,10.896484027777777,10.77969162326389,8.8115048828125,63.39609140625,6.116228059895834,397.0,25.0,509.0,236.0,739.0,142.0
Sample254,MINION_MK1D,30,27571289,0,10,12.0,1800.0,1800.0,3392563.0,904512.0,879638.0,3241.0,674.0,2333.0,0.506970826443965,0.20796050601666152,1342.005934718101,377.0415773681955,1046.7642702869484,0.525900329632788,6785126.0,1809024.0,,,1.625,2.125,3.28888464,340.572845,380.879883,406.146088,34.939019521077476,0.0,17.204226909722223,5.255628428819445,12.146214713541667,56.44568812934028,8.94824181857639,425.0,50.0,585.0,156.0,698.0,134.0
Sample254,MINION_MK1D,60,27571289,0,10,12.0,1800.0,3600.0,6871834.0,2274765.0,1752685.0,6304.0,1640.0,4436.0,0.5648152056512186,0.26015228426395937,1387.0518292682927,395.10482416591526,1090.07519035533,0.5860808046294482,6871834.0,2274765.0,6958542.0,2740506.0,1.625,2.125,3.20514703,342.086884,384.155701,412.930359,34.93748690287272,0.0,15.512946940104168,4.3975042751736115,10.964767556423611,63.37502415364584,5.749757074652778,425.0,50.0,585.0,156.0,698.0,134.0
Sample254,MINION_MK1D,120,27571289,0,10,12.0,1800.0,7200.0,13455854.0,4923718.0,3241085.0,12061.0,3443.0,8157.0,0.6030418615121516,0.2854655501202222,1430.0662213186174,397.33786931469905,1115.6499461072879,0.6067844523283323,6727927.0,2461859.0,6153318.0,2752688.0,1.44540274,1.94540274,3.29254699,362.763885,402.735382,426.994568,35.5486026763916,0.0,13.084891254340278,5.542302300347222,10.268619032118057,63.611141210937504,7.493046202256945,336.0,40.0,612.0,163.0,758.0,139.0
Sample255,MINION_MK1D,30,250208293,0,10,12.0,1800.0,1800.0,11333481.0,6181562.0,1948295.0,12376.0,7721.0,3277.0,0.7603531033817692,0.623868778280543,800.6167594871131,594.5361611229783,915.762847446671,0.7173309771287392,22666962.0,12363124.0,,,1.82170057,16.0061665,21.6537323,328.496948,378.466461,416.432465,35.142300033569335,0.0,8.91925119357639,1.9170868272569446,6.848622829861111,76.36095173611112,5.954087413194444,181.0,54.0,615.0,247.0,833.0,118.0
Sample255,MINION_MK1D,60,250208293,0,10,12.0,1800.0,3600.0,26577210.0,16740761.0,4280184.0,28895.0,20368.0,6958.0,0.796384796211588,0.7048970410105555,821.9148173605656,615.1457315320495,919.785776085828,0.7909387403719201,26577210.0,16740761.0,30487458.0,21118398.0,8.46159172,16.3002415,21.7038746,344.091217,395.618927,433.085022,35.934684371948244,0.0,9.461522309027778,1.7086169704861112,5.093699848090278,80.99921154513889,2.7369493272569447,181.0,54.0,615.0,247.0,833.0,118.0
Sample255,MINION_MK1D,120,250208293,0,10,12.0,1800.0,7200.0,57878544.0,39338114.0,8360409.0,61868.0,46857.0,13203.0,0.8247239437581747,0.7573705308075257,839.5354802910985,633.2204044535333,935.5166483480959,0.8241140793037226,28939272.0,19669057.0,33553936.0,24731428.0,11.4735212,16.8921833,21.9384518,347.643982,396.243073,430.811188,35.93738861083985,0.0,9.806897894965278,1.8224843750000002,5.8046390407986115,77.659855859375,4.906122829861111,180.0,58.0,624.0,255.0,833.0,98.0
Sample256,MINION_MK1D,30,3095268,0,10,12.0,1800.0,1800.0,1151120.0,114509.0,463556.0,1205.0,100.0,1079.0,0.1980901801700501,0.08298755186721991,1145.09,429.61631139944393,955.2863070539419,0.5021761414969769,2302240.0,229018.0,,,1.625,1.95577884,3.375,347.20343,390.419,416.239563,34.926764551798506,0.0,6.579282595486111,1.9522483940972224,6.398444140625,79.72520590277779,5.3448189670138895,180.0,31.0,380.0,483.0,821.0,153.0
Sample256,MINION_MK1D,60,3095268,0,10,12.0,1800.0,3600.0,2026770.0,310920.0,743169.0,2094.0,233.0,1830.0,0.29496560537108346,0.11127029608404966,1334.4206008583692,406.1032786885246,967.8939828080229,0.5200831865480543,2026770.0,310920.0,1751300.0,392822.0,1.53444886,1.875,3.28444886,342.408295,373.56134,405.952209,34.925881703694664,0.0,4.815855230034723,1.9314778428819446,4.393029296875,86.56633333333333,2.293304296875,180.0,31.0,380.0,483.0,821.0,153.0
Sample256,MINION_MK1D,120,3095268,0,10,12.0,1800.0,7200.0,5226869.0,719576.0,1447306.0,3926.0,545.0,3303.0,0.33207899645665984,0.13881813550687722,1320.3229357798166,438.1792310021193,1331.3471726948549,0.41456596673840496,2613434.5,359788.0,4104336.0,502912.0,1.625,2.20790601,3.375,351.809875,389.995117,420.109253,34.926706314086914,0.0,5.824745008680556,1.9926082682291668,4.863994639756944,83.2593453125,4.0593067708333335,140.0,14.0,394.0,503.0,848.0,149.0
